Order_ID,Distance_km,Weather,Traffic_Level,Time_of_Day,Vehicle_Type,Preparation_Time_min,Courier_Experience_yrs,Delivery_Time_min,Peak_Hour,Delivery_Efficiency,Order_Value,Traffic_Multiplier,Delivery_Cost,Discount,Profit,Profit_Margin,Delivery_Performance
522,7.93,Windy,Low,Afternoon,Scooter,12,1.0,43,0,0.18441860465116278,574.5071229516849,1.0,111.12,34.47042737710109,428.9166955745838,74.65820325619444,Good
738,16.42,Clear,Medium,Evening,Bike,20,2.0,84,1,0.1954761904761905,479.2603548243223,1.3,182.38,28.755621289459338,268.12473353486297,55.945527485399204,Poor
741,9.52,Foggy,Low,Night,Scooter,28,1.0,59,0,0.1613559322033898,597.1532807151038,1.0,130.28,35.82919684290623,431.04408387219763,72.18315594883998,Average
661,7.44,Rainy,Medium,Afternoon,Scooter,5,1.0,37,0,0.20108108108108108,728.4544784612037,1.3,108.86000000000001,87.41453741534444,532.1799410458593,73.05603257049677,Good
412,19.03,Clear,Low,Morning,Bike,16,5.0,68,1,0.2798529411764706,464.8769937914996,1.0,175.52,27.892619627489974,261.4643741640096,56.24377580648314,Poor
679,19.4,Clear,Low,Evening,Scooter,8,9.0,57,1,0.3403508771929824,464.8794564576229,1.0,168.2,27.892767387457372,268.78668907016555,57.818577555204875,Average
627,9.52,Clear,Low,Morning,Bike,12,1.0,49,1,0.19428571428571428,736.8819223261087,1.0,122.28,88.42583067913304,526.1760916469757,71.40575385348038,Average
514,17.39,Clear,Medium,Evening,Scooter,5,6.0,46,1,0.3780434782608696,615.1152093729363,1.3,155.86,36.90691256237618,422.3482968105601,68.66165725947704,Average
860,1.78,Snowy,Low,Evening,Car,20,6.0,35,1,0.05085714285714286,429.5788421097572,1.0,80.12,25.774730526585433,323.6841115831718,75.34917455279853,Good
137,10.62,Foggy,Low,Evening,Scooter,29,1.0,73,1,0.1454794520547945,581.3840065378947,1.0,145.88,34.883040392273685,400.620966145621,68.9081504892599,Poor
812,16.86,Snowy,Medium,Afternoon,Car,13,4.0,88,0,0.1915909090909091,430.48734607813066,1.3,187.34,25.82924076468784,217.3181053134428,50.4818799654104,Poor
77,15.54,Clear,Low,Night,Bike,29,1.0,76,0,0.2044736842105263,430.1405369644615,1.0,167.96,25.80843221786769,236.37210474659378,54.952296850394966,Poor
637,10.89,Clear,High,Night,Bike,12,5.0,53,0,0.20547169811320756,536.2943407349051,1.6,139.96,32.1776604440943,364.15668029081075,67.90239102500925,Average
974,4.69,Rainy,Medium,Evening,Scooter,12,7.0,36,1,0.1302777777777778,213.00796330133034,1.3,97.06,12.78047779807982,103.16748550325052,48.433628444822645,Good
939,2.8,Clear,High,Morning,Scooter,10,5.0,33,1,0.08484848484848484,241.26232512304506,1.6,91.60000000000001,14.475739507382704,135.18658561566232,56.0330277620911,Good
900,2.17,Snowy,Low,Evening,Car,15,3.0,35,1,0.062,415.6568706138541,1.0,81.68,24.939412236831245,309.03745837702286,74.34917602122813,Good
281,17.86,Rainy,Low,Afternoon,Bike,5,1.0,50,0,0.35719999999999996,348.0753319498364,1.0,156.44,20.884519916990186,170.75081203284623,49.055706153130764,Average
884,2.53,Snowy,Low,Morning,Bike,6,8.0,24,1,0.10541666666666666,547.1370998892911,1.0,74.32,32.828225993357464,439.98887389593364,80.4165672525153,Excellent
762,6.58,Foggy,Low,Evening,Car,6,7.0,27,1,0.2437037037037037,363.79638867181836,1.0,92.92,21.827783320309102,249.04860535150925,68.45824013282787,Excellent
320,5.38,Clear,Medium,Evening,Scooter,26,1.0,47,1,0.11446808510638298,288.1544447997063,1.3,108.62,17.289266687982376,162.24517811172393,56.30493682806079,Average
550,15.56,Rainy,Low,Afternoon,Scooter,28,0.0,72,0,0.21611111111111111,719.8473153382331,1.0,164.84,86.38167784058797,468.62563749764513,65.10069948339712,Poor
175,13.08,Rainy,Low,Morning,Car,16,4.0,58,1,0.22551724137931034,466.13355492701965,1.0,143.72,27.968013295621176,294.44554163139844,63.16763479460268,Average
372,0.86,Clear,High,Afternoon,Bike,26,5.0,37,0,0.023243243243243242,510.12923070318857,1.6,87.03999999999999,30.607753842191315,392.4814768609973,76.93765682079822,Good
528,5.83,Clear,High,Evening,Car,27,9.0,56,1,0.10410714285714286,286.28777206798145,1.6,122.12,17.177266324078886,146.99050574390256,51.343619981435474,Average
211,11.2,Clear,Medium,Morning,Bike,23,5.0,73,1,0.15342465753424656,418.3425913212226,1.3,152.7,25.100555479273353,240.54203584194926,57.49881576299987,Poor
236,14.59,Clear,Medium,Morning,Bike,15,6.0,64,1,0.22796875,516.6383884564799,1.3,159.06,30.99830330738879,326.58008514909113,63.21250848679458,Poor
102,12.91,Windy,Medium,Evening,Bike,11,6.0,56,1,0.2305357142857143,327.3509633866546,1.3,145.94,19.641057803199274,161.76990558345534,49.41787979172031,Average
987,13.92,Snowy,Low,Morning,Scooter,18,4.0,70,1,0.19885714285714284,556.3547027518508,1.0,156.68,33.381282165111045,366.2934205867398,65.83810989194002,Poor
903,4.04,Snowy,Low,Night,Bike,11,9.0,70,0,0.05771428571428572,409.9041965121793,1.0,117.16,24.594251790730755,268.14994472144855,65.41771150505437,Poor
948,18.05,Clear,Medium,Evening,Scooter,10,7.0,123,1,0.1467479674796748,456.2459375310085,1.3,220.10000000000002,27.37475625186051,208.77118127914798,45.758474565038505,
347,12.88,Clear,Medium,Morning,Scooter,8,5.0,52,1,0.2476923076923077,409.74400816559046,1.3,142.62,24.584640489935428,242.53936767565503,59.192901626919515,Average
140,19.45,Rainy,High,Morning,Scooter,20,6.0,108,1,0.18009259259259258,777.8417276763407,1.6,218.2,93.34100732116089,466.3007203551798,59.948020755863475,Poor
622,4.58,Clear,High,Morning,Scooter,22,9.0,45,1,0.10177777777777777,497.9754162893099,1.6,108.32,29.878524977358595,359.7768913119513,72.24792219520549,Good
500,19.73,Foggy,Medium,Evening,Bike,27,4.0,111,1,0.17774774774774776,341.34336065661495,1.3,217.22000000000003,20.480601639396895,103.64275901721803,30.363197578487757,Poor
371,2.47,Windy,Medium,Morning,Bike,27,2.0,44,1,0.056136363636363644,623.3817368154783,1.3,94.58000000000001,37.402904208928696,491.3988326065496,78.82791612036016,Good
199,17.8,Snowy,Medium,Morning,Bike,16,9.0,73,1,0.24383561643835616,316.8734525043467,1.3,179.10000000000002,19.0124071502608,118.76104535408587,37.479013914066144,Poor
688,5.96,Clear,Medium,Afternoon,Bike,22,7.0,45,0,0.13244444444444445,531.3295392507133,1.3,109.34,31.879772355042796,390.1097668956705,73.42143398347615,Good
585,12.85,Windy,Medium,Afternoon,Scooter,18,7.0,61,0,0.21065573770491802,206.04948141803368,1.3,149.70000000000002,12.36296888508202,43.98651253295164,21.347548283177524,Poor
902,1.02,Clear,Medium,Afternoon,Bike,25,4.0,34,0,0.03,300.7720926652354,1.3,80.78,18.046325559914123,201.94576710532127,67.1424550448869,Good
60,6.84,Rainy,Medium,Night,Car,14,8.0,47,0,0.14553191489361703,529.5291853803685,1.3,114.46000000000001,31.77175112282211,383.29743425754634,72.38457196315218,Average
329,8.68,Rainy,Medium,Morning,Bike,8,5.0,52,1,0.16692307692307692,610.7699869993115,1.3,125.82,36.64619921995869,448.30378777935283,73.39977361720922,Average
97,10.69,Clear,Medium,Night,Bike,25,9.0,67,0,0.15955223880597014,525.7052421784956,1.3,145.85999999999999,31.542314530709735,348.30292764778585,66.2544140142937,Poor
313,0.99,Clear,Medium,Evening,Bike,15,5.0,32,1,0.0309375,482.6527576417639,1.3,79.06,28.959165458505833,374.6335921832581,77.61969371390597,Good
975,1.11,Clear,Low,Morning,Bike,5,6.0,8,1,0.13875,454.83444566160665,1.0,55.839999999999996,27.2900667396964,371.7043789219103,81.72300547317288,Excellent
300,2.16,Snowy,Low,Evening,Scooter,15,0.0,36,1,0.060000000000000005,278.22170144488587,1.0,82.44,16.69330208669315,179.0883993581927,64.3689541211684,Good
278,13.17,Windy,Medium,Afternoon,Bike,16,4.0,67,0,0.19656716417910447,392.02336874079367,1.3,155.78,23.52140212444762,212.72196661634604,54.26257299395794,Poor
925,8.79,Snowy,Low,Night,Bike,14,6.0,43,0,0.20441860465116277,430.90418435603186,1.0,114.56,25.85425106136191,290.4899332946699,67.41404327015178,Good
602,5.93,Clear,Low,Afternoon,Scooter,19,3.0,36,0,0.16472222222222221,658.5683339328374,1.0,97.52,39.514100035970245,521.5342338968671,79.19212130689154,Good
440,2.09,Rainy,Low,Night,Bike,23,2.0,36,0,0.058055555555555555,551.5427434352692,1.0,82.16,33.092564606116156,436.2901788291531,79.10360239928666,Good
838,7.57,Clear,Low,Morning,Bike,21,0.0,56,1,0.13517857142857143,235.5439766955899,1.0,120.08000000000001,14.132638601735392,101.33133809385448,43.020135566791474,Average
571,10.52,Rainy,Medium,Afternoon,Scooter,8,4.0,56,0,0.18785714285714286,548.6125954092192,1.3,136.38,32.916755724553155,379.3158396846661,69.14092801710616,Average
880,4.83,Rainy,Low,Morning,Car,25,9.0,47,1,0.10276595744680851,442.2376579375525,1.0,101.92,26.53425947625315,313.7833984612993,70.95356825212023,Average
262,19.81,Snowy,Medium,Afternoon,Car,20,5.0,104,0,0.19048076923076923,398.46169995410617,1.3,211.94,23.90770199724637,162.6139979568598,40.810446267631065,Poor
579,10.1,Rainy,Low,Evening,Car,8,4.0,50,1,0.20199999999999999,591.7514433261301,1.0,125.4,35.505086599567804,430.84635672656236,72.80867019180405,Average
24,7.64,Windy,Low,Afternoon,Car,10,8.0,31,0,0.2464516129032258,654.6499283743926,1.0,100.36,39.278995702463554,515.010932671929,78.66966913916708,Good
31,12.35,Clear,Low,Morning,Scooter,10,6.0,35,1,0.35285714285714287,639.6920178674297,1.0,122.4,38.381521072045786,478.910496795384,74.86579219668079,Good
618,5.9,Rainy,Low,Evening,Car,26,9.0,44,1,0.1340909090909091,374.11737151660424,1.0,103.80000000000001,22.447042290996254,247.87032922560797,66.25469654637699,Good
11,0.9,Clear,Low,Afternoon,Bike,20,8.0,23,0,0.0391304347826087,453.6181436223178,1.0,67.0,27.217088617339066,359.40105500497873,79.2298676889379,Excellent
222,11.58,Clear,Medium,Morning,Scooter,16,2.0,61,1,0.1898360655737705,549.6895147105346,1.3,144.62,32.98137088263207,372.0881438279025,67.69060239830905,Poor
821,16.16,Clear,High,Afternoon,Bike,11,1.0,82,0,0.19707317073170733,646.3317690683539,1.6,184.24,38.77990614410123,423.31186292425264,65.49451584817342,Poor
297,15.51,Clear,Low,Evening,Bike,17,9.0,69,1,0.22478260869565217,428.1238643232065,1.0,162.24,25.687431859392387,240.1964324638141,56.10442502277354,Poor
55,12.16,Windy,High,Evening,Scooter,11,0.0,69,1,0.17623188405797102,472.1511535004274,1.6,157.84,28.329069210025644,285.98208429040176,60.57002766385126,Poor
543,4.96,Rainy,High,Morning,Bike,21,0.0,60,1,0.08266666666666667,334.0497538990958,1.6,121.84,20.042985233945746,192.16676866515002,57.52639133007611,Average
210,3.64,Windy,High,Evening,Bike,17,6.0,40,1,0.091,320.5690063878994,1.6,100.56,19.234140383273964,200.7748660046254,62.63077902224927,Good
605,2.85,Clear,Low,Morning,Scooter,26,0.0,38,1,0.075,621.8788733591297,1.0,86.8,37.31273240154778,497.7661409575819,80.04229799106332,Good
693,10.4,Clear,Low,Evening,Bike,16,4.0,52,1,0.2,703.4360042856234,1.0,128.2,84.41232051427481,490.82368377134867,69.77517226599826,Average
663,12.31,Windy,Low,Morning,Bike,29,4.0,68,1,0.18102941176470588,489.19848176294994,1.0,148.64000000000001,29.351908905776995,311.2065728571729,63.615604802300616,Poor
867,3.53,Clear,Medium,Afternoon,Bike,13,7.0,31,0,0.11387096774193547,650.5299346838036,1.3,88.42,39.03179608102822,523.0781386027754,80.40800441520383,Good
71,15.56,Clear,Medium,Evening,Bike,14,3.0,54,1,0.28814814814814815,554.2454037571451,1.3,154.94,33.25472422542871,366.0506795317164,66.04487417492588,Average
544,13.6,Clear,Medium,Afternoon,Bike,27,0.0,87,0,0.15632183908045977,403.2320368092314,1.3,173.5,24.193922208553882,205.5381146006775,50.97266482770002,Poor
108,15.23,Snowy,High,Morning,Bike,5,0.0,62,1,0.2456451612903226,554.2093408262621,1.6,164.52,33.252560449575725,356.43678037668633,64.31446641539465,Poor
494,4.17,Clear,Low,Evening,Scooter,5,1.0,22,1,0.18954545454545454,730.7054849698955,1.0,79.28,87.68465819638745,563.740826773508,77.15021145581434,Excellent
591,3.21,Rainy,High,Night,Scooter,16,0.0,42,0,0.07642857142857143,494.62609413350725,1.6,100.44,29.677565648010432,364.5085284854968,73.69375227242061,Good
742,6.38,Snowy,Low,Evening,Bike,16,1.0,111,1,0.05747747747747747,734.6965483721009,1.0,159.32,88.1635858046521,487.21296256744876,66.31485660943797,Poor
293,16.54,Rainy,Low,Afternoon,Scooter,6,7.0,51,0,0.32431372549019605,107.03823438653836,1.0,151.96,6.422294063192301,-51.34405967665395,-47.96796207534532,Average
290,12.02,Clear,Low,Morning,Car,9,7.0,41,1,0.29317073170731706,623.2853756562836,1.0,125.88,37.397122539377015,460.0082531169066,73.80379374897805,Good
653,11.94,Clear,Low,Evening,Bike,20,3.0,69,1,0.17304347826086955,513.0570602357257,1.0,147.95999999999998,30.783423614143537,334.31363662158213,65.16110244501473,Poor
40,9.08,Clear,Low,Afternoon,Scooter,14,5.0,49,0,0.1853061224489796,455.14889743011986,1.0,120.52,27.30893384580719,307.3199635843127,67.52075316880149,Average
590,3.46,Snowy,Medium,Morning,Scooter,23,3.0,48,1,0.07208333333333333,513.7641164803254,1.3,101.74000000000001,30.82584698881952,381.1982694915058,74.19713780382399,Average
308,6.8,Foggy,Medium,Morning,Scooter,13,7.0,46,1,0.14782608695652175,201.8646628098661,1.3,113.5,12.111879768591965,76.25278304127414,37.77421069139561,Average
680,17.38,Rainy,Medium,Afternoon,Scooter,11,2.0,92,0,0.18891304347826085,467.0492168243732,1.3,192.62,28.02295300946239,246.40626381491083,52.75809378084626,Poor
67,3.25,Clear,Low,Morning,Bike,23,7.0,32,1,0.1015625,553.5668857267619,1.0,83.6,33.21401314360571,436.7528725831562,78.89794058214953,Good
276,10.28,Clear,Medium,Evening,Scooter,29,3.0,71,1,0.14478873239436618,721.6841067112274,1.3,147.42000000000002,86.60209280534728,487.66201390588014,67.57278002534865,Poor
68,16.14,Clear,Low,Night,Car,6,9.0,65,0,0.2483076923076923,422.2594672589529,1.0,161.56,25.33556803553717,235.36389922341573,55.73916453578944,Poor
319,3.55,Clear,Medium,Evening,Bike,23,0.0,43,1,0.08255813953488372,378.72595956602186,1.3,98.1,22.723557573961312,257.9024019920605,68.09736578067904,Good
549,10.65,Clear,Medium,Afternoon,Scooter,23,8.0,58,0,0.18362068965517242,424.7364434623195,1.3,138.5,25.484186607739172,260.75225685458037,61.391543124722006,Average
999,19.03,Clear,Low,Afternoon,Car,26,5.0,68,0,0.2798529411764706,637.3103176553111,1.0,175.52,38.238619059318665,423.55169859599243,66.45925648187452,Poor
715,7.3,Clear,Low,Night,Scooter,14,7.0,28,0,0.26071428571428573,549.3126664489527,1.0,96.60000000000001,32.95875998693716,419.7539064620155,76.4143869420537,Excellent
754,7.03,Clear,Low,Evening,Scooter,21,1.0,44,1,0.1597727272727273,420.53596943494415,1.0,108.32000000000001,25.23215816609665,286.9838112688475,68.24239354708591,Good
328,12.43,Snowy,Low,Afternoon,Car,12,0.0,70,0,0.17757142857142857,576.9901149670034,1.0,150.72,34.6194068980202,391.65070806898314,67.87823533014611,Poor
383,12.76,Windy,High,Morning,Scooter,27,5.0,74,1,0.17243243243243242,514.5616324022061,1.6,164.24,30.873697944132363,319.44793445807375,62.08156892047052,Poor
452,11.39,Rainy,High,Evening,Scooter,14,1.0,72,1,0.15819444444444444,645.2967485799334,1.6,157.16,38.717804914796,449.4189436651374,69.64531351725346,Poor
523,19.41,Clear,Low,Morning,Car,7,3.0,48,1,0.404375,394.69203591839715,1.0,161.04000000000002,23.681522155103828,209.9705137632933,53.19856867005668,Average
219,13.17,Rainy,High,Evening,Scooter,17,8.0,69,1,0.1908695652173913,450.8506780103348,1.6,161.88,27.051040680620087,261.9196373297147,58.09454218536425,Poor
788,8.32,Rainy,Low,Afternoon,Car,12,2.0,49,0,0.16979591836734695,441.1837770301764,1.0,117.48,26.47102662181058,297.23275040836575,67.37164099940044,Average
437,1.92,Clear,Low,Morning,Bike,8,7.0,14,1,0.13714285714285715,280.4727577801822,1.0,63.88,16.82836546681093,199.76439231337125,71.22416946815729,Excellent
765,1.15,Clear,Low,Afternoon,Scooter,26,4.0,30,0,0.03833333333333333,544.4180415596865,1.0,73.6,32.66508249358119,438.15295906610527,80.48097704676618,Excellent
89,17.8,Windy,High,Afternoon,Car,12,9.0,73,0,0.24383561643835616,539.1582908269834,1.6,183.60000000000002,32.349497449619,323.2087933773644,59.94692076080539,Poor
64,7.46,Clear,Medium,Evening,Bike,8,5.0,42,1,0.17761904761904762,500.76701849636913,1.3,112.94,30.046021109782146,357.780997386587,71.44659775335846,Good
827,7.25,Clear,Medium,Afternoon,Scooter,18,4.0,45,0,0.16111111111111112,464.811929993728,1.3,114.5,27.88871579962368,322.4232141941043,69.36638097874444,Good
717,16.7,Clear,Medium,Afternoon,Scooter,28,1.0,76,0,0.21973684210526315,287.6943886924379,1.3,177.1,17.261663321546273,93.33272537089161,32.44162174837193,Poor
352,17.2,Rainy,High,Afternoon,Scooter,14,2.0,94,0,0.1829787234042553,436.90320158519614,1.6,198.0,26.214192095111766,212.68900949008437,48.68103706230452,Poor
937,0.86,Clear,Medium,Afternoon,Car,21,7.0,28,0,0.030714285714285715,448.59282252098456,1.3,75.34,26.915569351259073,346.33725316972544,77.20525959898171,Excellent
257,18.76,Clear,Medium,Evening,Car,15,2.0,80,1,0.23450000000000001,379.6584096167572,1.3,188.54000000000002,22.77950457700543,168.33890503975172,44.33956966992512,Poor
636,9.22,Clear,Medium,Afternoon,Car,18,9.0,57,0,0.1617543859649123,475.80714325009865,1.3,131.98,28.54842859500592,315.2787146550927,66.26187082890696,Average
645,2.84,Clear,Low,Evening,Scooter,24,2.0,35,1,0.08114285714285714,560.6076285221808,1.0,84.36,33.63645771133085,442.6111708108499,78.95204208648005,Good
555,17.59,Clear,Low,Morning,Bike,24,6.0,69,1,0.2549275362318841,782.9278851815795,1.0,170.56,93.95134622178954,518.41653895979,66.21510726234473,Poor
960,14.89,Snowy,High,Morning,Scooter,17,6.0,87,1,0.17114942528735633,526.1866719247759,1.6,183.16000000000003,31.57120031548655,311.45547160928925,59.19106055461154,Poor
169,1.3,Clear,Medium,Evening,Bike,22,4.0,31,1,0.041935483870967745,538.6325586084147,1.3,79.5,32.31795351650488,426.8146050919098,79.24040206455541,Good
918,18.99,Rainy,High,Afternoon,Bike,10,6.0,70,0,0.27128571428571424,488.83311263507494,1.6,185.95999999999998,29.329986758104496,273.54312587697046,55.95838718912167,Poor
529,1.6,Foggy,Low,Night,Scooter,24,5.0,37,0,0.043243243243243246,212.18431770514377,1.0,81.0,12.731059062308626,118.45325864283514,55.82564249985737,Good
824,8.26,Snowy,Low,Afternoon,Bike,15,1.0,57,0,0.14491228070175438,496.02291868261744,1.0,123.64,29.761375120957045,342.6215435616604,69.07373241374123,Average
986,10.16,Clear,High,Night,Bike,12,5.0,52,0,0.19538461538461538,509.034531491154,1.6,136.24,30.542071889469238,342.25245960168473,67.23560749387636,Average
817,12.03,Clear,Medium,Morning,Car,20,5.0,65,1,0.18507692307692306,869.4863168727929,1.3,149.62,104.33835802473514,615.5279588480578,70.79213863443815,Poor
87,14.73,Rainy,Low,Afternoon,Bike,24,6.0,74,0,0.19905405405405405,471.14585528283163,1.0,163.12,28.268751316969897,279.75710396586175,59.37802504872337,Poor
433,12.56,Clear,High,Evening,Bike,17,5.0,69,1,0.1820289855072464,545.2321013500418,1.6,159.44,32.71392608100251,353.0781752690393,64.7574077892309,Poor
185,5.53,Clear,Medium,Afternoon,Bike,19,1.0,44,0,0.1256818181818182,494.7932345442135,1.3,106.82000000000001,29.687594072652807,358.28564047156067,72.41118419931531,Good
979,10.18,Foggy,Medium,Morning,Bike,25,3.0,73,1,0.13945205479452055,324.69829435707015,1.3,148.62,19.48189766142421,156.59639669564595,48.22827819459906,Poor
535,15.5,Clear,Medium,Morning,Scooter,28,9.0,91,1,0.17032967032967034,671.4234221772531,1.3,184.3,40.285405330635186,446.8380168466179,66.55085331959934,Poor
295,2.98,Foggy,Medium,Night,Bike,11,2.0,27,0,0.11037037037037037,612.7899549030161,1.3,83.02000000000001,36.76739729418097,493.00255760883516,80.45212779097541,Excellent
893,16.69,Foggy,Medium,Evening,Scooter,8,2.0,65,1,0.2567692307692308,618.654792056457,1.3,168.26,37.11928752338742,413.27550453306964,66.8022796945142,Poor
426,11.22,Windy,High,Evening,Bike,25,5.0,79,1,0.14202531645569622,363.59188178078915,1.6,162.07999999999998,21.81551290684735,179.69636887394182,49.422547058485044,Poor
714,8.53,Clear,Low,Evening,Scooter,8,2.0,41,1,0.20804878048780487,710.4191466404149,1.0,111.92000000000002,85.25029759684978,513.2488490435651,72.24592009811789,Good
261,12.49,Clear,Medium,Morning,Bike,25,4.0,77,1,0.16220779220779222,289.7223405811579,1.3,161.06,17.38334043486947,111.27900014628841,38.40884341990072,Poor
238,0.97,Clear,Low,Night,Scooter,24,8.0,26,0,0.037307692307692306,588.0285640700406,1.0,69.68,35.281713844202436,483.0668502258381,82.15023550595743,Excellent
560,12.6,Windy,Medium,Afternoon,Car,8,6.0,58,0,0.21724137931034482,828.5683438714968,1.3,146.3,99.42820126457961,582.8401426069173,70.34303771292889,Average
584,6.91,Clear,Medium,Evening,Scooter,28,9.0,56,1,0.12339285714285715,351.41955123039673,1.3,121.94,21.085173073823803,208.39437815657294,59.300735382234315,Average
446,18.97,Clear,Low,Evening,Car,25,4.0,141,1,0.13453900709219857,415.05534055958424,1.0,233.68,24.903320433575054,156.47202012600917,37.69907403553731,
868,4.05,Clear,Medium,Evening,Bike,20,5.0,44,1,0.09204545454545454,514.9477047631461,1.3,100.9,30.896862285788767,383.1508424773574,74.40577731161854,Good
801,14.29,Windy,Medium,Morning,Bike,14,7.0,78,1,0.1832051282051282,424.47865188257015,1.3,169.06,25.468719112954208,229.94993276961594,54.17231979742303,Poor
600,1.3,Foggy,Low,Evening,Bike,19,5.0,29,1,0.04482758620689655,267.4004853400801,1.0,73.4,16.044029120404804,177.95645621967526,66.5505359847609,Excellent
850,12.11,Rainy,Low,Morning,Bike,9,5.0,59,1,0.20525423728813558,510.2844462209041,1.0,140.64,30.617066773254244,339.0273794476499,66.4389012752475,Average
266,14.94,Clear,Medium,Morning,Bike,11,0.0,62,1,0.24096774193548387,340.65444294108426,1.3,158.85999999999999,20.439266576465055,161.3551763646192,47.36623276406977,Poor
996,2.29,Rainy,High,Afternoon,Car,8,8.0,80,0,0.028625,571.0388645952772,1.6,127.16,34.26233187571663,409.6165327195606,71.73181338714582,Poor
530,17.36,Rainy,High,Afternoon,Bike,24,1.0,105,0,0.16533333333333333,362.0863648649295,1.6,207.44,21.72518189189577,132.92118297303375,36.70980071912342,Poor
56,18.48,Clear,Medium,Night,Bike,8,0.0,82,0,0.2253658536585366,732.4901607526309,1.3,189.02,87.8988192903157,455.5713414623152,62.19487521773909,Poor
121,16.25,Foggy,High,Morning,Bike,10,5.0,91,1,0.17857142857142858,382.51200614956446,1.6,191.8,22.950720368973865,167.76128578059058,43.85778304563724,Poor
216,5.13,Clear,Low,Morning,Car,15,4.0,30,1,0.17099999999999999,451.69077256914863,1.0,89.52,27.101446354148916,335.06932621499976,74.18113155360165,Excellent
26,15.81,Clear,Low,Morning,Car,25,1.0,92,1,0.17184782608695653,622.0275826054504,1.0,181.84000000000003,37.32165495632702,402.86592764912336,64.76656966909128,Poor
73,0.61,Clear,Low,Afternoon,Scooter,10,0.0,16,0,0.038125,315.3703525349067,1.0,60.239999999999995,18.9222211520944,236.2081313828123,74.89864836190257,Excellent
45,5.55,Foggy,High,Evening,Bike,18,1.0,116,1,0.047844827586206895,534.1189901906195,1.6,169.0,32.047139411437165,333.0718507791823,62.35911040352894,Poor
248,19.35,Clear,High,Morning,Bike,12,7.0,75,1,0.258,696.0714131423642,1.6,191.4,41.76428478854185,462.90712835382243,66.5028213504792,Poor
722,4.03,Clear,Medium,Evening,Bike,9,5.0,25,1,0.1612,258.87751481581586,1.3,85.62,15.53265088894895,157.7248639268669,60.92644393588363,Excellent
282,7.09,Snowy,Low,Morning,Scooter,13,8.0,37,1,0.1916216216216216,527.6950787798456,1.0,102.96000000000001,31.661704726790738,393.07337405305486,74.48873219775564,Good
894,8.25,Clear,Medium,Afternoon,Bike,7,9.0,28,0,0.29464285714285715,538.9824191372635,1.3,104.9,32.33894514823581,401.74347398902773,74.5373985726824,Excellent
915,11.26,Clear,Low,Night,Bike,5,6.0,49,0,0.22979591836734695,617.2734307665966,1.0,129.24,37.036405845995795,450.9970249206008,73.06276318429973,Average
811,19.7,Rainy,Low,Evening,Bike,10,2.0,60,1,0.3283333333333333,314.45739336828774,1.0,171.8,18.867443602097264,123.78994976619046,39.36620743440735,Average
245,0.8,Snowy,High,Evening,Bike,14,9.0,36,1,0.022222222222222223,301.9315080373585,1.6,86.0,18.11589048224151,197.815617555117,65.51671895423412,Good
823,7.0,Rainy,Medium,Evening,Bike,17,9.0,49,1,0.14285714285714285,578.2912348425347,1.3,116.7,34.69747409055208,426.8937607519826,73.81985667969242,Average
322,14.43,Clear,Medium,Morning,Car,14,4.0,113,1,0.12769911504424777,544.547700984978,1.3,197.62,32.67286205909868,314.25483892587926,57.709331681587315,Poor
644,6.89,Rainy,Medium,Afternoon,Bike,11,6.0,43,0,0.16023255813953488,537.5739275518815,1.3,111.46000000000001,32.25443565311289,393.8594918987686,73.26610754587927,Good
159,5.13,Foggy,Medium,Evening,Car,25,1.0,60,1,0.08549999999999999,551.9672314245463,1.3,118.02,33.11803388547278,400.82919753907356,72.61829592756662,Average
978,1.5,Clear,Low,Afternoon,Bike,10,1.0,17,0,0.08823529411764706,397.9962917632264,1.0,64.6,23.879777505793584,309.5165142574328,77.76869299113181,Excellent
430,2.78,Clear,High,Afternoon,Scooter,9,0.0,41,0,0.06780487804878048,534.8380545741505,1.6,97.92,32.09028327444903,404.8277712997015,75.69165429375327,Good
942,11.31,Clear,Medium,Evening,Bike,7,0.0,54,1,0.20944444444444446,543.9608709948022,1.3,137.94,32.63765225968813,373.3832187351141,68.64155836287752,Average
463,15.05,Clear,Medium,Evening,Car,12,2.0,66,1,0.22803030303030303,392.84728729604484,1.3,162.5,23.57083723776269,206.77645005828214,52.63532592563328,Poor
310,5.78,Foggy,Low,Afternoon,Scooter,9,9.0,33,0,0.17515151515151517,779.8661766717134,1.0,94.52000000000001,93.58394120060561,591.7622354711078,75.8799718685853,Good
698,11.83,Clear,Low,Evening,Scooter,9,7.0,32,1,0.3696875,571.0749381367681,1.0,117.91999999999999,34.26449628820608,418.89044184856203,73.35122133274933,Good
61,8.08,Foggy,Low,Morning,Bike,25,2.0,61,1,0.13245901639344262,321.3044754196027,1.0,126.12,19.27826852517616,175.90620689442653,54.747512204647784,Poor
885,16.1,Clear,Low,Evening,Bike,25,0.0,64,1,0.2515625,598.4830412950745,1.0,160.60000000000002,35.90898247770447,401.97405881737,67.16548859054167,Poor
596,9.74,Rainy,Medium,Evening,Scooter,7,8.0,37,1,0.2632432432432433,353.7977494659018,1.3,118.06,21.22786496795411,214.5098844979477,60.63065263184261,Good
768,17.6,Clear,Low,Afternoon,Bike,27,3.0,69,0,0.255072463768116,618.0626905613678,1.0,170.60000000000002,37.08376143368207,410.37892912768575,66.39762202034083,Poor
650,10.22,Snowy,Medium,Night,Bike,18,1.0,68,0,0.15029411764705883,673.7893368511106,1.3,144.78,40.427360211066635,488.58197664004405,72.51257179631021,Poor
651,2.19,Clear,Low,Evening,Bike,26,3.0,32,1,0.0684375,376.8976522472434,1.0,79.36,22.613859134834602,274.92379311240876,72.94388581971315,Good
866,11.41,Windy,Medium,Afternoon,Scooter,17,4.0,68,0,0.16779411764705882,644.5064193866483,1.3,149.54000000000002,38.670385163198894,456.2960342234494,70.79774855581556,Poor
669,4.14,Clear,Medium,Morning,Scooter,14,2.0,30,1,0.13799999999999998,561.9171390404747,1.3,90.06,33.71502834242848,438.1421106980462,77.97272591581995,Excellent
299,12.65,Rainy,Low,Afternoon,Bike,18,8.0,60,0,0.21083333333333334,623.3090239991735,1.0,143.6,37.39854143995041,442.3104825592231,70.96166837459577,Average
690,4.15,Clear,Medium,Morning,Car,17,8.0,46,1,0.09021739130434783,784.5189473980921,1.3,102.9,94.14227368777105,587.476673710321,74.88368198865375,Average
315,16.8,Clear,High,Morning,Car,19,4.0,85,1,0.19764705882352943,463.1917825995694,1.6,189.2,27.791506955974164,246.20027564359526,53.15298865231296,Poor
311,9.06,Clear,Medium,Evening,Bike,23,4.0,47,1,0.19276595744680852,386.93957534637656,1.3,123.34,23.216374520782594,240.38320082559397,62.124222008154696,Average
362,13.04,Clear,Medium,Morning,Scooter,20,6.0,65,1,0.2006153846153846,366.5728355561715,1.3,153.66,21.99437013337029,190.91846542280123,52.08200032965781,Poor
480,10.7,Clear,Medium,Afternoon,Scooter,8,5.0,44,0,0.24318181818181817,377.62845725518423,1.3,127.5,22.657707435311053,227.47074981987316,60.236654693149546,Good
111,6.15,Foggy,Low,Evening,Scooter,26,5.0,48,1,0.12812500000000002,488.4347435878844,1.0,108.0,29.30608461527306,351.12865897261133,71.88855084168118,Average
990,16.47,Snowy,High,Evening,Scooter,20,9.0,75,1,0.2196,551.1727962224966,1.6,179.88,33.070367773349794,338.2224284491468,61.3641367584139,Poor
487,1.39,Clear,Medium,Afternoon,Bike,15,4.0,24,0,0.057916666666666665,541.5036198995028,1.3,74.26,32.49021719397017,434.75340270553266,80.28633359574182,Excellent
364,11.14,Rainy,Medium,Morning,Scooter,7,3.0,47,1,0.2370212765957447,624.0774873554036,1.3,131.66,37.444649241324214,454.9728381140794,72.9032607861047,Average
255,3.81,Rainy,High,Afternoon,Bike,5,6.0,31,0,0.12290322580645162,501.95028378168604,1.6,94.04,30.117017026901163,377.79326675478484,75.26507683360511,Good
260,2.39,Rainy,Medium,Evening,Bike,27,7.0,43,1,0.055581395348837215,718.0301115735975,1.3,93.46000000000001,86.1636133888317,538.4064981847658,74.98383278172305,Good
803,11.74,Clear,High,Evening,Car,6,3.0,54,1,0.2174074074074074,460.30147501430656,1.6,144.16000000000003,27.61808850085839,288.52338651344814,62.68139516704364,Average
678,8.26,Clear,Low,Morning,Car,21,4.0,80,1,0.10325,908.0253749884428,1.0,142.04,108.96304499861313,657.0223299898297,72.35726534604743,Poor
495,9.54,Rainy,Medium,Evening,Scooter,11,5.0,47,1,0.2029787234042553,593.850102164751,1.3,125.25999999999999,35.63100612988506,432.9590960348659,72.90713505926966,Average
671,3.88,Clear,Medium,Morning,Bike,16,2.0,35,1,0.11085714285714285,371.4263665375576,1.3,93.02,22.285581992253455,256.12078454530416,68.95600517886388,Good
378,0.95,Rainy,Medium,Morning,Car,27,0.0,44,1,0.02159090909090909,339.36612529083317,1.3,88.5,20.36196751744999,230.50415777338318,67.92196998915068,Good
527,8.59,Clear,Low,Night,Scooter,17,8.0,36,0,0.2386111111111111,572.3708622864777,1.0,108.16,34.34225173718866,429.8686105492891,75.10316105751296,Good
846,8.59,Clear,Low,Evening,Bike,22,2.0,43,1,0.1997674418604651,466.4805822011224,1.0,113.75999999999999,27.98883493206734,324.73174726905506,69.61313282040268,Good
138,14.21,Clear,Medium,Evening,Bike,24,5.0,58,1,0.24500000000000002,607.1000741138138,1.3,152.74,36.42600444682883,417.93406966698495,68.84105067472522,Average
356,13.03,Foggy,Low,Morning,Scooter,9,1.0,50,1,0.2606,570.9856436860317,1.0,137.12,34.2591386211619,399.6065050648698,69.98538570693061,Average
366,8.03,Clear,Low,Evening,Scooter,14,8.0,42,1,0.1911904761904762,489.0756631014691,1.0,110.72,29.344539786088145,349.0111233153809,71.36137609099784,Good
943,13.2,Snowy,Low,Morning,Car,14,3.0,62,1,0.2129032258064516,372.98094228973923,1.0,147.4,22.378856537384355,203.20208575235486,54.48055455726296,Poor
750,12.67,Clear,Medium,Evening,Car,10,3.0,65,1,0.19492307692307692,272.77291629712033,1.3,152.18,16.36637497782722,104.2265413192931,38.21000366684624,Poor
949,17.54,Clear,Medium,Morning,Car,16,8.0,54,1,0.3248148148148148,433.02275718994684,1.3,162.86,25.98136543139681,244.18139175855003,56.389967433383426,Average
830,9.32,Clear,Low,Morning,Scooter,6,5.0,30,1,0.3106666666666667,628.4598191485209,1.0,106.28,37.707589148911254,484.4722299996096,77.08881542435041,Excellent
657,6.03,Rainy,High,Afternoon,Car,8,6.0,46,0,0.13108695652173913,532.1140616195306,1.6,114.92000000000002,31.926843697171837,385.2672179223588,72.40312664351849,Average
200,15.71,Clear,Low,Afternoon,Scooter,28,5.0,69,0,0.22768115942028988,313.1391831932018,1.0,163.04000000000002,18.788350991592107,131.31083220160968,41.93369570124765,Poor
214,4.87,Snowy,High,Evening,Bike,16,7.0,54,1,0.09018518518518519,525.9771388776772,1.6,116.68,31.558628332660632,377.7385105450166,71.81652635151212,Average
409,18.15,Rainy,High,Morning,Bike,22,7.0,108,1,0.16805555555555554,557.7976069593255,1.6,213.0,33.46785641755953,311.32975054176603,55.814106524926,Poor
333,0.78,Clear,Medium,Morning,Bike,6,1.0,17,1,0.04588235294117647,367.42138456983,1.3,66.22,22.0452830741898,279.1561014956402,75.9770969298564,Excellent
209,0.6,Clear,Low,Afternoon,Bike,26,3.0,30,0,0.02,523.0587658918292,1.0,71.4,31.383525953509753,420.2752399383195,80.34952616112626,Excellent
614,2.09,Clear,Medium,Evening,Bike,5,5.0,16,1,0.130625,508.7313077669,1.3,70.66,30.523878466013997,407.54742930088594,80.11054619182659,Excellent
79,7.49,Clear,Medium,Morning,Scooter,13,9.0,45,1,0.16644444444444445,328.55445532540654,1.3,115.46000000000001,19.71326731952439,193.38118800588214,58.85818465445972,Good
30,1.41,Foggy,Medium,Evening,Bike,15,0.0,72,1,0.01958333333333333,553.6681040522425,1.3,112.74000000000001,33.220086243134546,407.7080178091079,73.63762059348063,Poor
536,18.92,Clear,High,Morning,Scooter,27,4.0,100,1,0.1892,584.1176789552352,1.6,209.68,35.04706073731411,339.3906182179211,58.10312381316074,Poor
696,12.41,Clear,Medium,Morning,Car,10,1.0,51,1,0.24333333333333335,662.4576864762915,1.3,139.94,39.74746118857749,482.7702252877141,72.87563192988806,Average
558,1.06,Clear,Low,Afternoon,Scooter,19,6.0,21,0,0.05047619047619048,658.0703078052354,1.0,66.04,39.484218468314126,552.5460893369213,83.96459812626202,Excellent
837,18.34,Clear,High,Night,Bike,9,4.0,92,0,0.19934782608695653,293.34959480643636,1.6,200.96,17.600975688386182,74.78861911805016,25.494706807895422,Poor
597,13.52,Clear,Low,Morning,Scooter,27,1.0,82,1,0.1648780487804878,359.3262440127316,1.0,164.68,21.559574640763895,173.0866693719677,48.16978226779197,Poor
166,16.79,Foggy,High,Afternoon,Bike,24,6.0,85,0,0.19752941176470587,577.255290081299,1.6,189.16,34.63531740487794,353.4599726764211,61.23113616276099,Poor
919,15.39,Clear,Medium,Evening,Scooter,24,5.0,89,1,0.17292134831460676,577.0678926368313,1.3,182.26,34.62407355820988,360.1838190786214,62.416194640948,Poor
496,7.39,Rainy,Medium,Morning,Scooter,25,6.0,60,1,0.12316666666666666,577.2571529459071,1.3,127.06,34.63542917675443,415.5617237691527,71.98901246150407,Average
825,10.98,Rainy,Low,Morning,Scooter,10,6.0,55,1,0.19963636363636364,1077.909723598208,1.0,132.92000000000002,129.34916683178497,815.6405567664231,75.66872613818761,Average
66,11.08,Snowy,Medium,Morning,Bike,9,0.0,57,1,0.1943859649122807,585.633576603975,1.3,139.42,35.1380145962385,411.07556200773655,70.19330489749558,Average
142,5.41,Clear,Medium,Night,Bike,14,5.0,36,0,0.1502777777777778,670.3348460270898,1.3,99.94,40.220090761625386,530.1747552654645,79.09103314674452,Good
926,0.94,Clear,High,Morning,Bike,9,6.0,21,1,0.04476190476190476,643.1002645239803,1.6,74.56,38.58601587143882,529.9542486525415,82.40616244261867,Excellent
828,7.27,Windy,Low,Afternoon,Bike,10,5.0,35,0,0.2077142857142857,597.7086876958697,1.0,102.08,35.86252126175218,459.7661664341175,76.92144616577147,Good
656,2.99,Windy,Medium,Morning,Bike,27,5.0,41,1,0.07292682926829269,452.7096133039482,1.3,94.26,27.162576798236888,331.2870365057113,73.17870590110176,Good
332,15.28,Snowy,Low,Evening,Bike,16,5.0,72,1,0.2122222222222222,613.8453830739901,1.0,163.72,36.830722984439404,413.2946600895507,67.32878856559455,Poor
665,2.48,Windy,Medium,Afternoon,Car,14,6.0,27,0,0.09185185185185185,384.0762178193642,1.3,81.02000000000001,23.044573069161853,280.0116447502023,72.90522863925287,Excellent
250,17.13,Rainy,Low,Evening,Car,19,1.0,71,1,0.2412676056338028,464.47720898899865,1.0,170.32,27.868632539339917,266.28857644965876,57.33081651719233,Poor
908,7.17,Clear,Low,Afternoon,Bike,15,7.0,32,0,0.2240625,427.19546782563447,1.0,99.28,25.631728069538067,302.2837397560964,70.76005307235084,Good
709,5.47,Rainy,Low,Morning,Car,21,6.0,38,1,0.14394736842105263,512.2811209079484,1.0,97.28,30.736867254476905,384.26425365347154,75.01042649637675,Good
306,19.53,Foggy,Low,Afternoon,Bike,11,6.0,87,0,0.22448275862068967,847.1987850010263,1.0,192.72000000000003,101.66385420012315,552.8149308009031,65.25209202232666,Poor
735,7.5,Clear,High,Morning,Bike,29,1.0,66,1,0.11363636363636363,219.91022111123777,1.6,136.8,13.194613266674265,69.9156078445635,31.792795937937733,Poor
976,5.61,Windy,Low,Night,Bike,25,9.0,48,0,0.116875,602.939028556177,1.0,105.84,36.17634171337062,460.9226868428064,76.44598624616341,Average
50,4.1,Clear,Low,Morning,Bike,21,3.0,37,1,0.1108108108108108,258.09261932155226,1.0,91.0,15.485557159293135,151.60706216225913,58.7413396635628,Good
897,6.22,Rainy,Medium,Morning,Bike,15,0.0,49,1,0.12693877551020408,429.21022013158495,1.3,113.58,25.752613207895095,289.8776069236899,67.53744280246188,Average
3,14.77,Clear,High,Morning,Scooter,11,6.0,67,1,0.22044776119402984,663.3425895451049,1.6,166.68,39.80055537270629,456.86203417239864,68.87271243742954,Poor
545,12.55,Windy,Low,Evening,Bike,13,8.0,51,1,0.24607843137254903,509.6420028643194,1.0,136.0,30.578520171859164,343.06348269246024,67.31460137986176,Average
351,10.31,Foggy,Medium,Morning,Scooter,19,5.0,62,1,0.16629032258064516,338.3382833106041,1.3,140.34,20.300296998636245,177.69798631196784,52.52080390466368,Poor
905,8.72,Snowy,Medium,Evening,Car,18,7.0,64,1,0.13625,392.70444361100476,1.3,135.57999999999998,23.562266616660285,233.5621769943445,59.475307905020955,Poor
537,17.07,Clear,Medium,Morning,Bike,20,6.0,73,1,0.23383561643835618,601.9396623402014,1.3,176.18,36.11637974041208,389.6432825997893,64.73128570477428,Poor
345,8.27,Clear,High,Afternoon,Scooter,13,5.0,58,0,0.14258620689655171,390.4450052424295,1.6,133.48000000000002,23.42670031454577,233.5383049278837,59.813367258438475,Average
995,7.54,Snowy,Low,Afternoon,Bike,20,5.0,55,0,0.1370909090909091,532.4687884372962,1.0,119.16,31.948127306237772,381.36066113105846,71.62122351814949,Average
482,14.07,Clear,High,Afternoon,Bike,5,8.0,67,0,0.21,506.83577598557207,1.6,163.88,30.410146559134322,312.54562942643776,61.666055206674066,Poor
576,19.02,Clear,Medium,Afternoon,Bike,29,9.0,87,0,0.2186206896551724,402.25994785912746,1.3,195.18,24.135596871547648,182.9443509875798,45.47913655367136,Poor
34,19.0,Clear,High,Morning,Car,28,3.0,96,1,0.19791666666666666,821.5916133987989,1.6,206.8,98.59099360785586,516.2006197909432,62.82934384584332,Poor
32,3.83,Rainy,Medium,Afternoon,Bike,12,9.0,30,0,0.12766666666666668,595.0878533477016,1.3,88.82,35.7052712008621,470.56258214683953,79.07447270174683,Excellent
232,10.3,Clear,Low,Evening,Scooter,19,8.0,48,1,0.21458333333333335,196.22861200135895,1.0,124.60000000000001,11.773716720081536,59.85489528127741,30.502633979219553,Average
964,8.09,Clear,High,Afternoon,Scooter,15,4.0,51,0,0.15862745098039216,527.9681472154141,1.6,127.16,31.678088832924843,369.13005838248927,69.91521369789795,Average
193,18.06,Clear,Medium,Night,Bike,9,8.0,52,0,0.34730769230769226,400.73203028474177,1.3,163.34,24.043921817084506,213.34810846765726,53.23959462787686,Average
334,2.76,Windy,Medium,Morning,Scooter,8,5.0,22,1,0.12545454545454546,627.8650002194336,1.3,78.14,37.67190001316601,512.0531002062676,81.55464949110227,Excellent
4,12.17,Snowy,Low,Evening,Bike,20,8.0,68,1,0.1789705882352941,381.1218892350949,1.0,148.08,22.867313354105693,210.17457588098918,55.14628831810368,Poor
205,12.33,Clear,Medium,Evening,Bike,22,9.0,75,1,0.1644,482.78953377996515,1.3,158.82,28.967372026797907,295.00216175316723,61.10367792016316,Poor
515,1.38,Clear,Medium,Evening,Scooter,5,8.0,13,1,0.10615384615384614,575.7480918470685,1.3,65.41999999999999,34.54488551082411,475.78320633624446,82.63739178185988,Excellent
800,18.49,Clear,Low,Afternoon,Scooter,14,6.0,71,0,0.26042253521126757,629.8632791255183,1.0,175.76,37.791796747531095,416.3114823779872,66.0955315502724,Poor
307,10.57,Snowy,Low,Afternoon,Bike,28,9.0,59,0,0.17915254237288136,319.95553894163356,1.0,134.48000000000002,19.197332336498015,166.27820660513552,51.96916020118285,Average
110,2.0,Clear,High,Evening,Scooter,10,2.0,30,1,0.06666666666666667,449.8248146238577,1.6,86.0,26.989488877431462,336.83532574642624,74.88144601984375,Excellent
431,3.29,Clear,Medium,Afternoon,Scooter,17,4.0,32,0,0.1028125,428.7582033258566,1.3,88.25999999999999,25.725492199551393,314.7727111263052,73.4149711153346,Good
78,1.94,Rainy,Medium,Morning,Bike,16,0.0,35,1,0.055428571428571424,402.00061511394324,1.3,85.25999999999999,24.120036906836592,292.62057820710663,72.79107722861721,Good
85,6.56,Windy,Medium,Morning,Bike,14,1.0,47,1,0.13957446808510637,764.8181360421645,1.3,113.34,91.77817632505973,559.6999597171048,73.18079074503648,Average
287,9.58,Clear,High,Afternoon,Car,26,8.0,60,0,0.15966666666666668,560.7472566441434,1.6,140.32,33.6448353986486,386.7824212454948,68.97624850814942,Average
83,6.95,Clear,Medium,Morning,Scooter,25,2.0,58,1,0.11982758620689656,310.86740684974325,1.3,123.7,18.652044410984594,168.51536243875867,54.20811533330351,Average
992,14.05,Clear,High,Morning,Scooter,19,0.0,72,1,0.1951388888888889,637.6792920582164,1.6,167.8,38.260757523492984,431.61853453472344,67.68583203346662,Poor
790,18.97,Rainy,High,Night,Bike,20,8.0,108,0,0.17564814814814814,818.3234295518951,1.6,216.28,98.1988115462274,503.8446180056677,61.57035223610394,Poor
895,13.53,Rainy,Low,Evening,Bike,28,8.0,78,1,0.17346153846153844,654.869789082672,1.0,161.52,39.29218734496032,454.0576017377117,69.33555483964929,Poor
399,15.14,Rainy,Medium,Morning,Bike,8,6.0,66,1,0.2293939393939394,272.094505106898,1.3,162.86,16.32567030641388,92.9088348004841,34.14579605860946,Poor
324,5.96,Clear,Low,Afternoon,Bike,26,6.0,48,0,0.12416666666666666,427.3648890700623,1.0,107.24000000000001,25.641893344203737,294.4829957258586,68.90668916827676,Average
520,3.43,Windy,Medium,Morning,Bike,7,6.0,23,1,0.1491304347826087,690.0366723779935,1.3,81.62,41.402200342679606,567.0144720353138,82.17164315068611,Excellent
917,6.24,Clear,Medium,Evening,Bike,15,3.0,52,1,0.12000000000000001,393.8495801571829,1.3,116.06,23.630974809430974,254.15860534775194,64.5318969862349,Average
923,17.94,Rainy,High,Evening,Scooter,22,6.0,85,1,0.21105882352941177,566.5729142219343,1.6,193.76,33.99437485331606,338.81853936861825,59.8014008195066,Poor
6,3.54,Rainy,Medium,Evening,Bike,10,5.0,32,1,0.110625,616.1951080144005,1.3,89.25999999999999,36.97170648086403,489.96340153353646,79.5143283614134,Good
732,16.38,Rainy,Medium,Night,Bike,7,5.0,90,0,0.182,360.96042926328755,1.3,187.01999999999998,21.657625755797252,152.2828035074903,42.18822650956401,Poor
466,7.81,Clear,Low,Evening,Bike,11,4.0,42,1,0.18595238095238095,491.07119659073,1.0,109.84,29.464271795443796,351.7669247952862,71.63257125187425,Good
98,8.84,Clear,Medium,Morning,Bike,26,0.0,57,1,0.1550877192982456,100.0,1.3,130.46,6.0,-36.46000000000001,-36.46000000000001,Average
267,14.09,Clear,Medium,Afternoon,Scooter,12,3.0,55,0,0.2561818181818182,346.3418537998565,1.3,149.86,20.78051122799139,175.7013425718651,50.730612152177,Average
358,11.92,Clear,Low,Afternoon,Scooter,14,4.0,46,0,0.2591304347826087,462.114777291026,1.0,129.48000000000002,27.726886637461558,304.9078906535644,65.98098689701554,Average
869,17.3,Clear,Low,Evening,Scooter,9,0.0,67,1,0.2582089552238806,312.8325227052726,1.0,167.8,18.769951362316355,126.26257134295622,40.36107571267818,Poor
799,14.08,Clear,High,Morning,Bike,28,6.0,66,1,0.21333333333333335,744.8616955897453,1.6,163.12,89.38340347076944,492.35829211897584,66.1006325112678,Poor
381,2.8,Clear,High,Afternoon,Bike,28,1.0,50,0,0.055999999999999994,285.4787933059051,1.6,105.2,17.128727598354306,163.15006570755082,57.149627059242604,Average
632,17.96,Clear,Medium,Morning,Bike,22,2.0,76,1,0.23631578947368423,433.99332699545243,1.3,182.14000000000001,26.039599619727145,225.81372737572528,52.031612775947465,Poor
382,14.09,Clear,High,Afternoon,Bike,12,6.0,67,0,0.21029850746268655,519.6110865929137,1.6,163.96,31.17666519557482,324.47442139733886,62.44563092849219,Poor
491,9.39,Clear,Low,Morning,Bike,14,2.0,37,1,0.2537837837837838,716.1909933599173,1.0,112.16,85.94291920319007,518.0880741567273,72.33937301084788,Good
119,17.9,Clear,Low,Morning,Bike,23,5.0,85,1,0.21058823529411763,284.6206773230841,1.0,184.6,17.077240639385046,82.94343668369908,29.14174664462158,Poor
901,4.55,Rainy,Low,Afternoon,Bike,5,6.0,21,0,0.21666666666666665,674.4745628232439,1.0,80.0,40.468473769394635,554.0060890538492,82.13891517789304,Excellent
251,6.24,Snowy,Low,Afternoon,Bike,20,4.0,51,0,0.1223529411764706,501.53495915293803,1.0,110.76,30.09209754917628,360.68286160376175,71.91579669998141,Average
524,16.92,Clear,Low,Morning,Scooter,29,0.0,70,1,0.24171428571428574,352.7737023428074,1.0,168.68,21.166422140568443,162.92728020223893,46.18464446760676,Poor
10,14.31,Clear,Medium,Morning,Bike,9,8.0,47,1,0.304468085106383,569.3155211394906,1.3,144.34,34.15893126836943,390.8165898711211,68.64674778036928,Average
197,14.66,Windy,Medium,Morning,Bike,20,2.0,77,1,0.1903896103896104,529.8589543360205,1.3,169.74,31.791537260161228,328.3274170758592,61.96505964257876,Poor
604,2.23,Clear,Low,Morning,Bike,7,6.0,14,1,0.15928571428571428,409.9674684261808,1.0,65.12,24.598048105570847,320.24942032060994,78.11581283510411,Excellent
82,12.65,Clear,Low,Evening,Bike,15,4.0,66,1,0.19166666666666668,510.47031274850286,1.0,148.4,30.62821876491017,331.44209398359266,64.92876974549677,Poor
784,7.24,Rainy,Medium,Evening,Bike,28,6.0,65,1,0.11138461538461539,442.20296047073595,1.3,130.46,26.532177628244156,285.2107828424918,64.49770995175562,Poor
588,3.01,Clear,Medium,Evening,Bike,14,4.0,26,1,0.11576923076923076,517.0276017876872,1.3,82.34,31.021656107261233,403.665945680426,78.07435121156023,Excellent
798,11.52,Clear,Medium,Morning,Scooter,25,2.0,58,1,0.1986206896551724,599.319601178157,1.3,141.98000000000002,35.959176070689416,421.38042510746754,70.30980202868514,Average
240,3.95,Clear,Low,Afternoon,Bike,13,5.0,25,0,0.158,737.9025224218028,1.0,80.8,88.54830269061634,568.5542197311865,77.05004420708394,Excellent
291,1.09,Clear,Medium,Morning,Scooter,6,2.0,17,1,0.06411764705882353,314.3276751759727,1.3,67.46000000000001,18.85966051055836,228.0080146654143,72.53831993564253,Excellent
212,13.99,Clear,High,Evening,Scooter,7,3.0,96,1,0.14572916666666666,819.9550061984401,1.6,186.76000000000002,98.3946007438128,534.8004054546273,65.22314046646585,Poor
718,19.32,Rainy,High,Morning,Car,21,7.0,112,1,0.17250000000000001,207.18683007162474,1.6,220.88,12.431209804297485,-26.12437973267274,-12.60909282874858,Poor
360,11.72,Rainy,Low,Evening,Bike,11,9.0,42,1,0.27904761904761904,477.2322357446625,1.0,125.47999999999999,28.63393414467975,323.1183015999827,67.70672167520205,Good
450,2.13,Rainy,Low,Morning,Scooter,9,2.0,22,1,0.09681818181818182,588.2475809726865,1.0,71.12,35.294854858361184,481.8327261143253,81.90985253481182,Excellent
228,8.17,Clear,Medium,Afternoon,Scooter,20,9.0,44,0,0.18568181818181817,542.1487801602549,1.3,117.38,32.52892680961529,392.2398533506396,72.34911664556297,Good
951,12.21,Clear,High,Morning,Bike,9,4.0,57,1,0.2142105263157895,406.59507202691094,1.6,148.44,24.395704321614655,233.75936770529628,57.49193332324123,Average
947,3.17,Clear,Medium,Evening,Scooter,17,6.0,33,1,0.09606060606060605,468.78166244640875,1.3,88.58,28.126899746784524,352.0747626996242,75.10420967882324,Good
797,18.68,Snowy,Low,Afternoon,Bike,11,8.0,62,0,0.30129032258064514,426.0498598011751,1.0,169.32,25.562991588070506,231.1668682131046,54.2581725812522,Poor
502,10.95,Clear,Medium,Evening,Scooter,24,4.0,55,1,0.19909090909090907,411.59528645836826,1.3,137.3,24.695717187502094,249.59956927086617,60.64198922650016,Average
465,19.26,Windy,Medium,Morning,Scooter,21,6.0,67,1,0.2874626865671642,627.4403145531537,1.3,180.14000000000001,37.64641887318922,409.65389567996453,65.28969946276231,Poor
363,9.44,Rainy,Medium,Evening,Scooter,28,8.0,63,1,0.14984126984126983,553.5523228947571,1.3,137.66,33.21313937368543,382.67918352107176,69.13152879927988,Poor
469,4.86,Foggy,Medium,Evening,Car,25,4.0,52,1,0.09346153846153847,396.06356071090187,1.3,110.53999999999999,23.76381364265411,261.75974706824775,66.09033827762653,Average
936,5.81,Foggy,Low,Afternoon,Bike,25,8.0,51,0,0.11392156862745097,634.9399813149876,1.0,109.03999999999999,38.09639887889925,487.80358243608833,76.82672327954943,Average
429,7.34,Rainy,Low,Evening,Bike,22,8.0,47,1,0.15617021276595744,546.0949281314914,1.0,111.96000000000001,32.76569568788948,401.3692324436019,73.49806998151762,Average
8,17.39,Foggy,Medium,Morning,Bike,25,4.0,100,1,0.1739,621.929317825844,1.3,199.06,37.31575906955064,385.55355875629334,61.99314740525838,Poor
156,5.22,Snowy,Low,Evening,Bike,11,9.0,40,1,0.1305,594.4443262885418,1.0,97.88,35.66665957731251,460.8976667112293,77.53420233462045,Good
542,12.32,Clear,Medium,Evening,Scooter,17,4.0,71,1,0.1735211267605634,375.6507483616891,1.3,155.58,22.539044901701345,197.53170345998777,52.583870608929985,Poor
441,2.15,Windy,Medium,Afternoon,Car,17,6.0,30,0,0.07166666666666667,415.97284397045456,1.3,82.1,24.958370638227272,308.9144733322273,74.26313467572626,Excellent
483,9.36,Rainy,High,Morning,Scooter,17,2.0,65,1,0.144,612.0940407684893,1.6,143.44,36.725642446109354,431.92839832237996,70.56569245145569,Poor
423,2.28,Clear,Medium,Evening,Scooter,27,9.0,39,1,0.058461538461538454,591.5555398150198,1.3,89.82,35.49333238890119,466.24220742611857,78.81630312716084,Good
779,14.54,Clear,Medium,Evening,Bike,29,2.0,73,1,0.19917808219178082,496.8647609053778,1.3,166.06,29.811885654322666,300.9928752510551,60.57843077915034,Poor
950,12.15,Clear,High,Morning,Car,12,6.0,63,1,0.19285714285714287,517.5991074963173,1.6,153.0,31.055946449779036,333.5431610465383,64.44044362053144,Poor
335,1.4,Windy,Low,Evening,Bike,9,9.0,17,1,0.08235294117647059,691.6497343682637,1.0,64.2,41.49898406209582,585.9507503061678,84.71784505799907,Excellent
577,3.37,Clear,High,Morning,Bike,9,5.0,28,1,0.12035714285714286,411.2642916746255,1.6,89.88000000000001,24.67585750047753,296.70843417414795,72.14544033618431,Excellent
935,3.85,Rainy,Medium,Afternoon,Bike,26,3.0,46,0,0.08369565217391305,582.0646071755057,1.3,101.7,34.92387643053034,445.4407307449753,76.52771277513268,Average
568,9.03,Clear,Low,Morning,Bike,11,5.0,43,1,0.21,469.6711021349159,1.0,115.52000000000001,28.180266128094953,325.9708360068209,69.40406478599652,Good
595,17.99,Snowy,Low,Afternoon,Bike,15,3.0,63,0,0.2855555555555555,467.34781951591697,1.0,167.36,28.040869170955016,271.9469503449619,58.18941246514149,Poor
531,16.35,Clear,Medium,Morning,Bike,16,0.0,66,1,0.24772727272727274,664.8165277980785,1.3,167.70000000000002,39.88899166788471,457.2275361301937,68.77499535767637,Poor
582,19.61,Clear,High,Evening,Bike,8,6.0,72,1,0.2723611111111111,623.8124523482045,1.6,190.04,37.42874714089227,396.34370520731227,63.535715536835426,Poor
708,16.29,Clear,Low,Morning,Bike,20,1.0,72,1,0.22624999999999998,622.0264454000958,1.0,167.76,37.32158672400575,416.94485867609006,67.03008557906337,Poor
449,7.84,Windy,Low,Afternoon,Bike,6,4.0,28,0,0.27999999999999997,695.8218210731493,1.0,98.76,41.749309264388955,555.3125118087603,79.80671128598915,Excellent
454,18.17,Rainy,Low,Afternoon,Car,13,0.0,71,0,0.2559154929577465,503.15057624491385,1.0,174.48000000000002,30.18903457469483,298.48154167021903,59.32250816402325,Poor
229,17.89,Windy,Low,Morning,Bike,27,1.0,101,1,0.17712871287128715,602.2929456942446,1.0,197.36,36.13757674165468,368.7953689525899,61.23189248505822,Poor
353,13.34,Clear,Medium,Night,Bike,20,6.0,53,0,0.25169811320754715,453.4599865109816,1.3,145.26,27.207599190658893,280.99238732032273,61.966302579933995,Average
729,4.43,Foggy,Low,Morning,Scooter,10,1.0,63,1,0.0703174603174603,548.6249528732664,1.0,113.12,32.91749717239598,402.58745570087035,73.38117845213449,Poor
213,13.21,Clear,Medium,Morning,Scooter,12,4.0,63,1,0.2096825396825397,480.4785418448473,1.3,152.74,28.82871251069084,298.9098293341565,62.2108592376386,Poor
80,2.76,Windy,Medium,Night,Bike,6,2.0,27,0,0.10222222222222221,514.5493947489077,1.3,82.14,30.87296368493446,401.5364310639733,78.03651800230314,Excellent
149,1.5,Foggy,Medium,Evening,Scooter,15,4.0,32,1,0.046875,589.2735538155371,1.3,81.1,35.356413228932226,472.8171405866048,80.23729175102483,Good
303,11.04,Clear,Medium,Afternoon,Scooter,8,2.0,54,0,0.20444444444444443,377.2668975149791,1.3,136.86,22.636013850898745,217.77088366408037,57.723294860618914,Average
629,1.22,Clear,Medium,Evening,Scooter,6,5.0,14,1,0.08714285714285715,813.858091352819,1.3,65.58000000000001,97.66297096233828,650.6151203904807,79.9420841671561,Excellent
778,14.58,Clear,Low,Afternoon,Bike,13,5.0,57,0,0.2557894736842105,349.0973927750447,1.0,148.92,20.94584356650268,179.23154920854202,51.34141730013929,Average
507,18.26,Rainy,High,Night,Scooter,28,7.0,93,0,0.19634408602150538,317.8717080818402,1.6,201.44,19.072302484910413,97.3594055969298,30.62852186010318,Poor
343,3.88,Foggy,Low,Evening,Car,27,9.0,42,1,0.09238095238095238,673.7166310250102,1.0,94.12,40.42299786150061,539.1736331635096,80.02973480752533,Good
486,18.07,Clear,High,Afternoon,Scooter,5,2.0,67,0,0.26970149253731346,618.7494040944404,1.6,179.88,37.12496424566642,401.74443984877394,64.92845685027201,Poor
712,12.11,Clear,Medium,Evening,Bike,28,0.0,75,1,0.16146666666666665,593.6179725578232,1.3,157.94,35.617078353469395,400.0608942043539,67.39366270878611,Poor
134,7.08,Clear,Medium,Afternoon,Scooter,5,8.0,27,0,0.26222222222222225,594.251826389642,1.3,99.42,35.65510958337852,459.17671680626347,77.26971906775229,Excellent
704,3.12,Rainy,Low,Evening,Scooter,14,5.0,28,1,0.11142857142857143,498.1629840729628,1.0,79.88000000000001,29.889779044377764,388.39320502858504,77.96508721966777,Excellent
312,2.03,Foggy,High,Evening,Car,14,4.0,36,1,0.056388888888888884,365.4118442771253,1.6,90.92,21.924710656627518,252.56713362049774,69.1184857787349,Good
723,1.8,Clear,Medium,Night,Bike,14,1.0,28,0,0.0642857142857143,511.37068372905895,1.3,79.10000000000001,30.682241023743536,401.5884427053154,78.53176873121069,Excellent
630,5.42,Clear,Low,Evening,Scooter,11,9.0,26,1,0.20846153846153845,398.42574327318323,1.0,87.48,23.905544596390992,287.0401986767922,72.04358742451569,Excellent
1,7.8,Clear,Low,Evening,Scooter,23,5.0,52,1,0.15,646.2679600126627,1.0,117.80000000000001,38.77607760075976,489.69188241190284,75.7722667239001,Average
317,8.47,Rainy,Low,Afternoon,Scooter,19,0.0,48,0,0.17645833333333336,477.94139277467923,1.0,117.28,28.67648356648075,331.98490920819853,69.46142649015327,Average
707,6.79,Rainy,Low,Evening,Scooter,16,1.0,39,1,0.1741025641025641,376.1754204811233,1.0,103.36,22.570525228867396,250.2448952522559,66.5234573094106,Good
548,13.6,Rainy,Medium,Afternoon,Scooter,23,6.0,83,0,0.163855421686747,451.792123752051,1.3,170.3,27.10752742512306,254.38459632692792,56.305673107868806,Poor
873,13.06,Rainy,High,Morning,Bike,17,8.0,59,1,0.22135593220338984,561.9397181413436,1.6,153.44,33.71638308848062,374.78333505286304,66.69458003297687,Average
533,19.93,Snowy,Low,Afternoon,Bike,6,6.0,59,0,0.33779661016949153,415.4413170794038,1.0,171.92000000000002,24.926479024764227,218.59483805463955,52.61750073184446,Average
478,11.3,Snowy,Medium,Afternoon,Bike,15,8.0,70,0,0.16142857142857145,376.66694066503527,1.3,150.7,22.600016439902117,203.36692422513318,53.99117954606603,Poor
405,6.74,Rainy,Medium,Evening,Car,21,9.0,47,1,0.14340425531914894,536.5530817237868,1.3,114.06,32.19318490342721,390.2998968203596,72.74208463521282,Average
173,10.49,Rainy,Low,Morning,Bike,28,9.0,66,1,0.15893939393939394,536.7449856663084,1.0,139.76000000000002,32.2046991399785,364.78028652632986,67.96156392099245,Poor
126,8.83,Clear,Medium,Evening,Scooter,12,3.0,109,1,0.08100917431192661,423.95852369433055,1.3,172.01999999999998,25.43751142165983,226.50101227267075,53.42527620366362,Poor
395,7.15,Clear,High,Night,Car,29,7.0,60,0,0.11916666666666667,429.3442541572516,1.6,130.6,25.760655249435096,272.9835989078165,63.58151908743922,Average
421,15.94,Clear,Low,Evening,Bike,24,2.0,77,1,0.207012987012987,534.8074906036454,1.0,170.35999999999999,32.088449436218724,332.35904116742665,62.14554713739852,Poor
553,11.26,Foggy,High,Afternoon,Bike,14,2.0,70,0,0.16085714285714287,282.78734877540137,1.6,155.04,16.96724092652408,110.7801078488773,39.174350736907385,Poor
904,11.87,Clear,Medium,Morning,Bike,10,6.0,43,1,0.27604651162790694,288.8804338435167,1.3,131.38,17.332826030611002,140.16760781290571,48.52097663659455,Good
91,2.83,Windy,Medium,Afternoon,Scooter,14,6.0,28,0,0.10107142857142858,392.2333668121346,1.3,83.22,23.534002008728073,285.4793648034065,72.78303911868382,Excellent
940,11.74,Clear,Low,Afternoon,Car,20,1.0,52,0,0.22576923076923078,467.9829272432229,1.0,133.56,28.078975634593373,306.34395160862954,65.4604973333599,Average
182,2.71,Clear,Low,Morning,Scooter,6,1.0,20,1,0.1355,546.6361348397007,1.0,71.84,32.79816809038204,441.99796674931866,80.85780258177282,Excellent
275,10.47,Clear,High,Evening,Scooter,14,7.0,55,1,0.19036363636363637,721.3034325424328,1.6,139.88,86.55641190509193,494.8670206373409,68.60732921969408,Average
896,4.5,Snowy,High,Evening,Bike,24,0.0,66,1,0.06818181818181818,628.6489434803029,1.6,124.80000000000001,37.718936608818176,466.13000687148474,74.14790268968132,Poor
70,19.74,Clear,Low,Morning,Car,21,7.0,71,1,0.2780281690140845,476.0092205054859,1.0,180.76,28.560553230329155,266.6886672751568,56.02594567221901,Poor
292,1.23,Clear,Low,Evening,Bike,18,6.0,21,1,0.05857142857142857,497.1475688145967,1.0,66.72,29.8288541288758,400.59871468572095,80.57943753821672,Excellent
132,4.83,Clear,Low,Evening,Bike,11,1.0,29,1,0.16655172413793104,349.6205953043287,1.0,87.52000000000001,20.97723571825972,241.12335958606891,68.96714976878926,Excellent
301,1.51,Clear,High,Afternoon,Bike,14,2.0,32,0,0.0471875,497.2230296011415,1.6,85.64,29.83338177606849,381.749647825073,76.7763408165752,Good
425,1.62,Windy,Low,Evening,Bike,9,8.0,16,1,0.10125,456.70120416197926,1.0,64.28,27.402072249718756,365.01913191226055,79.92515206568153,Excellent
327,11.31,Clear,High,Evening,Bike,20,0.0,67,1,0.16880597014925375,548.4077840507134,1.6,152.84,32.90446704304281,362.66331700767057,66.13022782589346,Poor
145,6.05,Clear,Medium,Morning,Car,24,0.0,48,1,0.12604166666666666,375.9153584671516,1.3,112.10000000000001,22.554921508029093,241.26043695912247,64.1794572966894,Average
424,10.14,Clear,Medium,Morning,Scooter,20,1.0,59,1,0.17186440677966103,577.9019771361759,1.3,137.26,34.674118628170554,405.96785850800535,70.24856715663108,Average
581,9.45,Clear,Low,Afternoon,Car,13,0.0,49,0,0.19285714285714284,729.9108369503866,1.0,122.0,87.5893004340464,520.3215365163402,71.28562972023765,Average
136,6.8,Clear,High,Evening,Bike,28,5.0,55,1,0.12363636363636363,483.6859777314714,1.6,125.2,29.021158663888283,329.4648190675831,68.11543733659622,Average
451,15.65,Clear,Low,Afternoon,Bike,27,0.0,76,0,0.20592105263157895,560.2567583148412,1.0,168.4,33.615405498890475,358.2413528159508,63.94235276937684,Poor
165,2.26,Clear,Medium,Morning,Scooter,6,3.0,19,1,0.11894736842105262,603.5215987566669,1.3,73.74000000000001,36.21129592540001,493.5703028312669,81.78171317283193,Excellent
29,12.05,Clear,Low,Evening,Scooter,29,4.0,61,1,0.1975409836065574,439.81692921712454,1.0,142.0,26.389015753027472,271.42791346409706,61.713839425699135,Poor
774,8.25,Windy,Medium,Evening,Car,24,4.0,62,1,0.13306451612903225,533.6138722715625,1.3,132.1,32.01683233629375,369.49703993526873,69.24427177320969,Poor
194,12.85,Rainy,Medium,Afternoon,Scooter,23,0.0,80,0,0.160625,501.88886011726925,1.3,164.9,30.113331607036155,306.8755285102331,61.14412032148508,Poor
389,15.14,Windy,Medium,Morning,Bike,15,4.0,71,1,0.2132394366197183,514.6514147823248,1.3,166.86,30.879084886939484,316.91232989538526,61.57805473621897,Poor
853,4.59,Foggy,Low,Evening,Scooter,19,8.0,36,1,0.1275,384.04853242168,1.0,92.16,23.0429119453008,268.84562047637917,70.00303289303821,Good
170,12.02,Clear,Low,Afternoon,Bike,26,0.0,63,0,0.1907936507936508,503.6765261388414,1.0,143.48000000000002,30.22059156833048,329.9759345705109,65.513462995802,Poor
706,19.8,Clear,High,Evening,Bike,7,3.0,88,1,0.225,574.6997436868174,1.6,203.60000000000002,34.481984621209044,336.61775906560837,58.57280480171019,Poor
141,19.27,Foggy,High,Afternoon,Bike,14,6.0,92,0,0.20945652173913043,717.6715411692562,1.6,204.68,86.12058494031075,426.8709562289454,59.47998934630624,Poor
174,4.92,Clear,High,Morning,Scooter,12,0.0,41,1,0.12,643.890623912781,1.6,106.48,38.63343743476686,498.7771864780142,77.46302989272547,Good
7,1.63,Rainy,Medium,Night,Bike,24,5.0,38,0,0.04289473684210526,822.9773686267334,1.3,86.42,98.757284235208,637.8000843915255,77.4991037063139,Good
746,18.04,Clear,Medium,Morning,Bike,8,5.0,71,1,0.2540845070422535,384.8978655667926,1.3,178.46,23.093871934007552,183.34399363278501,47.63445319781041,Poor
479,19.4,Snowy,Medium,Afternoon,Scooter,23,9.0,92,0,0.21086956521739128,630.8480955081018,1.3,200.7,37.850885730486105,392.2972097776157,62.18568504382171,Poor
74,16.4,Clear,High,Morning,Scooter,12,2.0,70,1,0.23428571428571426,527.5013008607527,1.6,175.6,31.650078051645163,320.25122280910756,60.71098256753796,Poor
911,12.01,Clear,Low,Morning,Car,5,7.0,42,1,0.28595238095238096,828.4704399826508,1.0,126.63999999999999,99.41645279791808,602.4139871847327,72.71399896867148,Good
814,18.46,Clear,Medium,Morning,Scooter,29,1.0,153,1,0.12065359477124184,378.75525719672726,1.3,245.74,22.725315431803633,110.28994176492361,29.119052387869164,
239,13.09,Windy,Low,Morning,Scooter,17,1.0,69,1,0.18971014492753624,374.04172367288356,1.0,152.56,22.44250342037301,199.03922025251055,53.213106360984305,Poor
146,1.22,Foggy,High,Afternoon,Scooter,14,2.0,38,0,0.032105263157894734,410.0911031833967,1.6,89.28,24.6054661910038,296.20563699239284,72.22922777232912,Good
793,10.36,Rainy,Medium,Afternoon,Bike,7,8.0,39,0,0.26564102564102565,181.41564135352894,1.3,122.14,10.884938481211735,48.390702872317206,26.673941955212726,Good
235,4.31,Rainy,Medium,Afternoon,Bike,9,2.0,35,0,0.12314285714285714,421.1367467478858,1.3,94.74,25.268204804873147,301.12854194301264,71.50374415635682,Good
221,13.32,Windy,Medium,Afternoon,Bike,26,0.0,71,0,0.18760563380281692,386.1301007669453,1.3,159.58,23.167806046016718,203.38229472092857,52.67196064667412,Poor
924,16.1,Clear,Low,Morning,Car,16,6.0,61,1,0.26393442622950825,522.5590679714311,1.0,158.20000000000002,31.353544078285864,333.0055238931452,63.72591048622871,Poor
501,14.11,Rainy,High,Morning,Scooter,24,3.0,93,1,0.15172043010752687,551.2633963665739,1.6,184.84,33.07580378199444,333.3475925845795,60.46974908577336,Poor
133,2.84,Clear,Medium,Night,Scooter,28,1.0,44,0,0.06454545454545454,781.425625882383,1.3,96.06,93.77107510588596,591.594550776497,75.70708346152209,Good
991,16.09,Snowy,Low,Morning,Car,13,6.0,69,1,0.23318840579710146,642.5635757279075,1.0,164.56,38.55381454367445,439.44976118423307,68.39008275351065,Poor
775,16.05,Snowy,Medium,Evening,Bike,11,2.0,89,1,0.1803370786516854,413.46445165063955,1.3,184.9,24.807867099038372,203.75658455160118,49.28031508831311,Poor
186,13.37,Windy,High,Afternoon,Scooter,17,8.0,63,0,0.2122222222222222,365.2377992977463,1.6,157.88,21.914267957864777,185.4435313398815,50.77336784320773,Poor
42,10.16,Snowy,Medium,Night,Bike,10,1.0,67,0,0.15164179104477613,573.7878757259758,1.3,143.74,34.42727254355855,395.62060318241726,68.94893041820806,Poor
697,6.13,Clear,Medium,Night,Scooter,22,0.0,48,0,0.12770833333333334,301.9650189469037,1.3,112.42,18.117901136814222,171.42711781008944,56.77052209820121,Average
109,4.96,Rainy,Low,Afternoon,Car,10,7.0,28,0,0.17714285714285713,774.7188148781531,1.0,87.24000000000001,92.96625778537837,594.5125570927747,76.73914014677428,Excellent
589,3.0,Clear,Low,Morning,Scooter,29,1.0,43,1,0.06976744186046512,676.916018108193,1.0,91.4,40.61496108649158,544.9010570217015,80.49758647233085,Good
57,2.23,Snowy,Medium,Evening,Car,14,0.0,41,1,0.054390243902439024,429.6236521842943,1.3,91.22,25.77741913105766,312.6262330532366,72.7674632119952,Good
406,17.96,Clear,Medium,Evening,Scooter,26,0.0,74,1,0.24270270270270272,243.02982063636836,1.3,180.54000000000002,14.5817892381821,47.90803139818624,19.71282012748069,Poor
443,7.8,Rainy,Medium,Morning,Bike,11,7.0,49,1,0.15918367346938775,703.0808561248119,1.3,119.9,84.36970273497742,498.81115338983454,70.94648489494428,Average
758,10.9,Clear,High,Afternoon,Scooter,6,8.0,47,0,0.23191489361702128,482.8190232121073,1.6,135.2,28.96914139272644,318.6498818193809,65.99778933718498,Average
998,3.17,Clear,Low,Afternoon,Bike,17,1.0,28,0,0.11321428571428571,685.6724467960192,1.0,80.08,41.140346807761155,564.452099988258,82.3209540686381,Excellent
25,9.39,Windy,Medium,Morning,Scooter,21,9.0,50,1,0.18780000000000002,260.83585118084494,1.3,127.06,15.650151070850695,118.12570010999424,45.28737118583224,Average
468,17.44,Clear,Low,Evening,Bike,25,9.0,89,1,0.1959550561797753,410.0937465569341,1.0,185.96,24.605624793416045,199.52812176351804,48.65427074631512,Poor
540,3.02,Rainy,Medium,Morning,Bike,23,1.0,46,1,0.06565217391304348,500.7865549577275,1.3,98.38,30.04719329746365,372.35936166026386,74.3549038954721,Average
532,19.99,Rainy,High,Evening,Bike,17,1.0,112,1,0.17848214285714284,507.0470890647113,1.6,223.56,30.42282534388268,253.06426372082865,49.909420481562336,Poor
619,16.22,Rainy,High,Evening,Bike,22,0.0,102,1,0.15901960784313723,432.4901792781135,1.6,200.48000000000002,25.94941075668681,206.06076852142667,47.64519020186097,Poor
695,2.74,Clear,High,Afternoon,Bike,18,9.0,37,0,0.07405405405405406,593.4274898521248,1.6,94.56,35.605649391127486,463.26184046099735,78.06545001419411,Good
927,5.74,Rainy,High,Evening,Bike,13,9.0,46,1,0.12478260869565218,339.85693559261085,1.6,113.76,20.39141613555665,205.7055194570542,60.52709181831587,Average
339,9.75,Clear,Low,Afternoon,Bike,22,7.0,50,0,0.195,478.643077246806,1.0,124.0,28.71858463480836,325.92449261199766,68.0934308058401,Average
52,15.62,Rainy,Medium,Afternoon,Scooter,23,7.0,78,0,0.20025641025641025,518.0443447567849,1.3,174.38,31.08266068540709,312.5816840713778,60.33878899269345,Poor
508,16.54,Rainy,Medium,Afternoon,Bike,25,7.0,77,0,0.2148051948051948,577.1658251088123,1.3,177.26,34.62994950652874,365.2758756022836,63.28785588325826,Poor
517,7.84,Rainy,Low,Morning,Scooter,7,8.0,36,1,0.21777777777777776,606.7422317133335,1.0,105.16,36.404533902800004,465.1776978105335,76.66809288962027,Good
921,17.44,Clear,Low,Night,Car,23,0.0,85,0,0.20517647058823532,331.3036862243196,1.0,182.76,19.878221173459178,128.66546505086046,38.83611031232036,Poor
782,11.08,Windy,High,Afternoon,Bike,16,6.0,70,0,0.15828571428571428,269.88287438965665,1.6,154.32,16.192972463379398,99.36990192627727,36.81963968666167,Poor
265,17.61,Clear,Medium,Evening,Scooter,21,9.0,79,1,0.22291139240506327,691.6515232847763,1.3,183.14,41.49909139708658,467.01243188768973,67.52134798601533,Poor
818,8.28,Snowy,Low,Evening,Car,29,7.0,58,1,0.14275862068965517,549.8471017969388,1.0,124.52000000000001,32.990826107816325,392.3362756891225,71.35370440381337,Average
711,15.32,Clear,Medium,Morning,Bike,17,6.0,80,1,0.1915,387.727019516517,1.3,174.78,23.26362117099102,189.68339834552594,48.92189318713331,Poor
683,3.83,Rainy,Low,Evening,Car,27,3.0,49,1,0.07816326530612246,732.6727963283785,1.0,99.52000000000001,87.92073555940541,545.232060768973,74.41685613295299,Average
833,3.25,Rainy,Medium,Evening,Scooter,29,0.0,51,1,0.06372549019607843,517.3511951439287,1.3,103.30000000000001,31.041071708635723,383.010123435293,74.03290589262839,Average
519,19.75,Clear,Medium,Morning,Bike,25,1.0,103,1,0.19174757281553398,676.894577609574,1.3,210.9,40.61367465657444,425.3809029529995,62.84300643317533,Poor
448,15.19,Foggy,Low,Evening,Scooter,6,4.0,53,1,0.28660377358490563,510.12777221151634,1.0,148.16,30.60766633269098,331.3601058788254,64.95629603585516,Average
19,8.92,Windy,Medium,Morning,Bike,25,4.0,62,1,0.14387096774193547,809.1121887322981,1.3,134.78,97.09346264787577,577.2387260844224,71.34223586333921,Poor
716,18.63,Windy,Low,Afternoon,Bike,11,5.0,85,0,0.21917647058823528,763.3011263664807,1.0,187.51999999999998,91.59613516397768,484.18499120250306,63.433024592450714,Poor
484,12.74,Clear,Low,Night,Scooter,18,0.0,67,0,0.19014925373134328,462.655377728139,1.0,149.56,27.75932266368834,285.33605506445065,61.67356282890049,Poor
569,18.13,Rainy,High,Evening,Bike,21,2.0,88,1,0.20602272727272727,645.7356426431534,1.6,196.92000000000002,38.7441385585892,410.07150408456414,63.504548456709244,Poor
434,2.47,Rainy,Low,Afternoon,Car,22,6.0,34,0,0.07264705882352941,596.8063924377722,1.0,82.08000000000001,35.80838354626633,478.9180088915058,80.24679610673601,Good
368,18.15,Windy,Medium,Morning,Bike,11,2.0,89,1,0.2039325842696629,705.2947336298523,1.3,193.3,84.63536803558227,427.35936559427,60.59301809824,Poor
84,1.74,Foggy,High,Afternoon,Scooter,8,9.0,28,0,0.062142857142857146,355.2614809129843,1.6,83.36,21.315688854779058,250.58579205820524,70.53559294247897,Excellent
62,5.79,Windy,Medium,Morning,Bike,26,6.0,49,1,0.11816326530612245,602.9077189997658,1.3,111.86,36.17446313998595,454.8732558597799,75.44658021868128,Average
639,5.75,Windy,High,Morning,Scooter,7,4.0,37,1,0.1554054054054054,658.7636730274381,1.6,106.6,39.525820381646284,512.6378526457918,77.81817268245754,Good
273,17.41,Snowy,Medium,Evening,Bike,20,4.0,80,1,0.217625,236.18907703653286,1.3,183.14,14.171344622191972,38.877732414340905,16.460427764967065,Poor
286,1.2,Rainy,Low,Morning,Scooter,24,7.0,33,1,0.03636363636363636,322.51122310013375,1.0,76.2,19.350673386008022,226.96054971412573,70.37291525314103,Good
361,8.07,Windy,Low,Evening,Bike,21,4.0,48,1,0.168125,194.11517333598493,1.0,115.68,11.646910400159095,66.78826293582583,34.40651330240173,Average
355,1.88,Clear,Medium,Morning,Scooter,24,7.0,35,1,0.053714285714285714,459.58897483331634,1.3,85.02,27.57533848999898,346.9936363433174,75.50086171435358,Good
457,0.72,Rainy,Medium,Afternoon,Scooter,9,2.0,23,0,0.03130434782608695,607.6313383693944,1.3,70.78,36.45788030216366,500.39345806723077,82.351489541349,Excellent
279,14.19,Clear,Medium,Afternoon,Bike,9,1.0,57,0,0.2489473684210526,725.3535578144042,1.3,151.85999999999999,87.04242693772851,486.4511308766757,67.06400287639364,Average
13,16.73,Windy,High,Afternoon,Scooter,9,7.0,71,0,0.2356338028169014,511.1142170629663,1.6,177.72,30.66685302377798,302.7273640391883,59.22890695131926,Poor
183,18.53,Rainy,Low,Afternoon,Scooter,8,8.0,57,0,0.32508771929824565,744.2923318356937,1.0,164.72,89.31507982028324,490.2572520154105,65.86891078217332,Average
369,4.32,Clear,Low,Morning,Bike,21,9.0,34,1,0.12705882352941178,292.98478126776627,1.0,89.48,17.579086876065976,185.92569439170026,63.45916452970231,Good
882,13.6,Foggy,High,Evening,Bike,9,7.0,61,1,0.22295081967213115,244.4926340967268,1.6,157.20000000000002,14.669558045803607,72.62307605092316,29.703584453260802,Poor
616,18.46,Rainy,Low,Morning,Bike,19,9.0,94,1,0.19638297872340427,491.6678451655072,1.0,194.04000000000002,29.50007070993043,268.12777445557674,54.53433188524226,Poor
224,7.67,Windy,Low,Morning,Car,9,2.0,31,1,0.24741935483870967,557.6098173408961,1.0,100.48,33.456589040453764,423.67322830044236,75.98023118044004,Good
573,8.23,Snowy,Low,Evening,Bike,17,3.0,56,1,0.14696428571428571,495.09578778588605,1.0,122.72,29.70574726715316,342.67004051873283,69.2128773809983,Average
971,13.44,Clear,Low,Night,Bike,29,0.0,63,0,0.21333333333333332,189.8836849940185,1.0,149.16,11.393021099641109,29.330663894377388,15.446647717681131,Poor
654,15.04,Clear,Low,Morning,Car,24,5.0,60,1,0.25066666666666665,486.6319940730817,1.0,153.16,29.197919644384903,304.27407442869685,62.52652479380576,Average
546,7.48,Clear,Medium,Morning,Car,21,4.0,52,1,0.14384615384615385,304.32957492427204,1.3,121.02000000000001,18.259774495456323,165.0498004288157,54.23390101664813,Average
583,10.11,Rainy,Medium,Afternoon,Scooter,23,2.0,63,0,0.16047619047619047,600.4508823245058,1.3,140.34,36.027052939470344,424.08382938503536,70.62756369734916,Poor
634,10.88,Snowy,Low,Afternoon,Car,13,3.0,52,0,0.20923076923076925,554.9897369145273,1.0,130.12,33.29938421487164,391.57035269965564,70.5545214000886,Average
177,13.97,Snowy,Low,Evening,Scooter,14,8.0,52,1,0.2686538461538462,359.01803205089675,1.0,142.48,21.541081923053802,194.99695012784295,54.31397108772489,Average
666,3.48,Foggy,Low,Afternoon,Scooter,9,1.0,31,0,0.11225806451612903,422.91996239949594,1.0,83.72,25.375197743969757,313.82476465552617,74.20429219632886,Good
674,10.73,Foggy,Low,Morning,Bike,6,6.0,35,1,0.3065714285714286,341.1179717166573,1.0,115.92,20.467078302999436,204.73089341365784,60.017621582164374,Good
586,5.18,Clear,Medium,Afternoon,Car,9,2.0,30,0,0.17266666666666666,490.5981354090242,1.3,94.22,29.435888124541453,366.9422472844828,74.79487197368854,Excellent
874,8.47,Foggy,Medium,Evening,Bike,24,0.0,68,1,0.12455882352941178,643.2713480751858,1.3,137.78,38.596280884511145,466.89506719067464,72.58135599972405,Poor
394,15.64,Rainy,Low,Morning,Bike,20,4.0,141,1,0.11092198581560284,352.1410930496684,1.0,220.36,21.128465582980105,110.6526274666883,31.42281024585821,
164,10.95,Snowy,Medium,Afternoon,Bike,9,1.0,65,0,0.16846153846153844,575.6069773276766,1.3,145.3,34.536418639660596,395.770558688016,68.75708152903698,Poor
249,19.29,Windy,Medium,Evening,Scooter,7,8.0,84,1,0.22964285714285712,420.46135724413386,1.3,193.86,25.22768143464803,201.37367580948583,47.893503728705696,Poor
635,2.59,Windy,Medium,Morning,Bike,13,5.0,28,1,0.0925,381.06907516064837,1.3,82.26,22.8641445096389,275.9449306510095,72.41336246838677,Excellent
886,3.98,Clear,High,Night,Car,19,3.0,41,0,0.09707317073170732,483.9454460068163,1.6,102.72,29.03672676040898,352.1887192464074,72.77446707111835,Good
670,6.06,Foggy,Low,Afternoon,Scooter,10,8.0,41,0,0.14780487804878048,344.7136516370939,1.0,102.03999999999999,20.682819098225632,221.9908325388683,64.39861940036387,Good
376,6.72,Foggy,Low,Evening,Bike,8,5.0,31,1,0.2167741935483871,416.9526041979227,1.0,96.67999999999999,25.017156251875363,295.25544794604735,70.81271227793864,Good
413,19.04,Clear,Medium,Morning,Scooter,27,2.0,85,1,0.22399999999999998,320.31831611167274,1.3,193.66,19.219098966700365,107.43921714497239,33.54139046719882,Poor
75,14.28,Windy,High,Afternoon,Scooter,23,5.0,77,0,0.18545454545454546,794.7087699374583,1.6,172.72,95.365052392495,526.6237175449633,66.26625217517196,Poor
114,16.26,Rainy,High,Morning,Bike,16,6.0,70,1,0.23228571428571432,505.28953279575927,1.6,175.04000000000002,30.317371967745554,299.9321608280137,59.35847496552989,Poor
599,4.25,Clear,Low,Afternoon,Bike,5,4.0,22,0,0.19318181818181818,395.04117380111217,1.0,79.6,23.70247042806673,291.7387033730455,73.8502016298495,Excellent
962,12.26,Clear,Low,Afternoon,Bike,20,2.0,66,0,0.18575757575757576,532.0969866101333,1.0,146.84,31.925819196607996,353.33116741352524,66.40352723373164,Poor
391,19.81,Clear,Low,Afternoon,Bike,27,1.0,74,0,0.2677027027027027,483.15079254637556,1.0,183.44,28.989047552782534,270.721744993593,56.032557365122734,Poor
105,18.2,Windy,Medium,Morning,Bike,27,1.0,108,1,0.1685185185185185,466.85456007001653,1.3,208.7,28.01127360420099,230.14328646581555,49.296570313311236,Poor
115,12.85,Rainy,Medium,Morning,Scooter,14,8.0,73,1,0.17602739726027397,592.1250050065138,1.3,159.3,35.52750030039083,397.29750470612294,67.09689699757779,Poor
418,6.91,Clear,Low,Evening,Bike,27,8.0,91,1,0.07593406593406593,613.6261565070957,1.0,145.44,36.817569390425746,431.36858711667,70.29827241591548,Poor
526,9.64,Clear,Low,Morning,Bike,10,5.0,46,1,0.20956521739130435,420.4248278584209,1.0,120.36000000000001,25.22548967150525,274.8393381869156,65.3718144066098,Average
458,9.64,Rainy,Medium,Evening,Bike,14,6.0,52,1,0.1853846153846154,413.627263903298,1.3,129.66,24.81763583419788,259.1496280691001,62.65293675846444,Average
410,2.28,Foggy,Medium,Morning,Scooter,27,6.0,44,1,0.05181818181818181,458.7422454272534,1.3,93.82,27.524534725635203,337.3977107016182,73.54842813470995,Good
93,15.34,Rainy,Low,Afternoon,Bike,18,6.0,54,0,0.2840740740740741,154.71182528966227,1.0,149.56,9.282709517379736,-4.130884227717466,-2.6700507346373406,Average
931,3.22,Rainy,Medium,Night,Bike,14,8.0,34,0,0.09470588235294118,272.72134067021716,1.3,89.58000000000001,16.36328044021303,166.77806023000412,61.15328555519135,Good
90,9.71,Clear,Low,Morning,Bike,8,1.0,49,1,0.19816326530612247,705.0311401166787,1.0,123.04,84.60373681400144,497.3874033026773,70.54828857919134,Average
337,17.18,Clear,Medium,Night,Scooter,13,1.0,62,0,0.2770967741935484,746.7451570251926,1.3,167.82,89.60941884302311,489.3157381821696,65.52646958320506,Poor
989,5.3,Clear,Medium,Afternoon,Scooter,29,3.0,47,0,0.1127659574468085,462.6445940665433,1.3,108.30000000000001,27.758675643992596,326.58591842255066,70.59110224371865,Average
922,10.0,Clear,Medium,Afternoon,Scooter,6,9.0,47,0,0.2127659574468085,586.4835444583649,1.3,127.1,35.18901266750189,424.194531790863,72.3284627163102,Average
934,10.75,Rainy,Medium,Morning,Bike,8,6.0,60,1,0.17916666666666667,546.6875231815304,1.3,140.5,32.80125139089182,373.3862717906386,68.2997610074693,Average
606,9.49,Rainy,Medium,Morning,Car,23,6.0,53,1,0.1790566037735849,961.8321212682856,1.3,129.86,115.41985455219427,716.5522667160914,74.4986833847091,Average
594,7.24,Clear,Medium,Afternoon,Bike,28,7.0,57,0,0.12701754385964914,667.9362367151865,1.3,124.06,40.07617420291119,503.80006251227525,75.42637078501548,Average
612,16.09,Rainy,Low,Morning,Bike,21,8.0,66,1,0.24378787878787878,480.81236127788503,1.0,162.16,28.8487416766731,289.8036196012119,60.2737456314523,Poor
95,15.53,Clear,Low,Morning,Bike,26,6.0,83,1,0.18710843373493974,356.66893390993613,1.0,173.52,21.400136034596166,161.74879787533996,45.34984196750474,Poor
12,19.41,Windy,Low,Morning,Bike,11,8.0,62,1,0.31306451612903224,259.0330519613641,1.0,172.24,15.541983117681845,71.25106884368225,27.506554975968722,Poor
397,17.24,Clear,Low,Evening,Bike,17,5.0,69,1,0.2498550724637681,530.5195453800835,1.0,169.16,31.83117272280501,329.5283726572785,62.11427562413226,Poor
534,11.33,Clear,Low,Morning,Bike,25,3.0,60,1,0.18883333333333333,386.5473882073545,1.0,138.32,23.19284329244127,225.03454491491325,58.21654777142062,Average
44,18.23,Rainy,Low,Afternoon,Scooter,27,9.0,86,0,0.2119767441860465,286.66194356034885,1.0,186.72,17.19971661362093,82.74222694672792,28.864043102152763,Poor
43,1.17,Clear,Medium,Morning,Bike,16,9.0,25,1,0.046799999999999994,403.014067363621,1.3,74.18,24.18084404181726,304.65322332180375,75.59369461089535,Excellent
330,5.33,Clear,Low,Evening,Car,29,1.0,51,1,0.10450980392156863,337.76779945784074,1.0,107.12,20.266067967470445,210.3817314903703,62.28590523669192,Average
168,4.14,Rainy,Low,Morning,Bike,23,2.0,41,1,0.10097560975609755,753.0712452608848,1.0,94.36000000000001,90.36854943130616,568.3426958295786,75.46997703154751,Good
498,2.02,Clear,High,Evening,Bike,28,5.0,44,1,0.045909090909090906,632.2459635424176,1.6,97.28,37.93475781254505,497.03120572987257,78.61358306584532,Good
877,14.46,Rainy,Medium,Morning,Scooter,11,9.0,68,1,0.2126470588235294,498.80410380250737,1.3,161.74,29.928246228150442,307.1358575743569,61.57444480367826,Poor
598,3.86,Clear,Medium,Afternoon,Bike,21,8.0,34,0,0.11352941176470588,721.9916208335039,1.3,92.14,86.63899450002047,543.2126263334835,75.2380790384203,Good
757,12.59,Windy,Medium,Morning,Bike,13,9.0,62,1,0.20306451612903226,511.60524614714274,1.3,149.46,30.696314768828564,331.44893137831417,64.78606970402062,Poor
101,1.11,Clear,High,Morning,Scooter,22,8.0,35,1,0.031714285714285716,370.80736980076045,1.6,86.44,22.248442188045626,262.11892761271486,70.68870496116479,Good
427,9.11,Clear,Low,Afternoon,Bike,19,6.0,42,0,0.21690476190476188,728.4686115904486,1.0,115.03999999999999,87.41623339085383,526.0123781995949,72.20796748553987,Good
179,18.77,Snowy,Medium,Evening,Bike,24,0.0,115,1,0.16321739130434781,580.8365065526988,1.3,216.57999999999998,34.850190393161924,329.40631615953686,56.712398832260746,Poor
445,16.35,Foggy,Medium,Night,Bike,16,6.0,67,0,0.24402985074626868,344.4130768510315,1.3,168.5,20.66478461106189,155.24829223996963,45.07618980655573,Poor
417,6.22,Clear,Low,Afternoon,Bike,16,9.0,29,0,0.21448275862068963,471.4491982874588,1.0,93.08,28.286951897247526,350.08224639021125,74.25662142642018,Excellent
871,7.78,Foggy,High,Afternoon,Bike,25,3.0,74,0,0.10513513513513514,368.6572619922864,1.6,144.32,22.119435719537183,202.21782627274922,54.85252756989779,Poor
883,0.88,Rainy,Low,Night,Car,27,2.0,37,0,0.023783783783783784,292.5800403553496,1.0,78.12,17.554802421320975,196.9052379340286,67.29961404574273,Good
681,16.43,Clear,Low,Evening,Bike,13,5.0,56,1,0.2933928571428571,638.9266321297462,1.0,155.52,38.33559792778477,445.0710342019614,69.65917709806489,Average
178,8.04,Clear,Medium,Evening,Car,27,0.0,65,1,0.12369230769230768,786.4124960705196,1.3,133.66,94.36949952846236,558.3829965420573,71.00383060189644,Poor
396,18.65,Foggy,Low,Night,Car,19,2.0,68,0,0.2742647058823529,290.2148639271288,1.0,174.0,17.41289183562773,98.80197209150109,34.044421693132044,Poor
912,5.73,Foggy,Low,Morning,Scooter,7,2.0,30,1,0.191,584.4453855035856,1.0,91.92,35.06672313021514,457.45866237337043,78.27226867044259,Excellent
794,12.42,Rainy,Low,Evening,Bike,28,9.0,79,1,0.15721518987341773,402.403614631726,1.0,157.88,24.14421687790356,220.37939775382245,54.76575998342125,Poor
961,2.11,Clear,Low,Afternoon,Scooter,28,5.0,34,0,0.062058823529411763,426.9311924352956,1.0,80.64,25.615871546117734,320.6753208891779,75.11171040466398,Good
685,18.62,Clear,Low,Evening,Scooter,27,6.0,75,1,0.2482666666666667,411.1409113641696,1.0,179.48000000000002,24.668454681850175,206.9924566823194,50.34586706429103,Poor
384,17.61,Clear,Medium,Morning,Scooter,19,3.0,80,1,0.220125,370.40138454802764,1.3,183.94,22.22408307288166,164.23730147514598,44.34035841295576,Poor
957,10.62,Rainy,Medium,Night,Bike,7,2.0,48,0,0.22124999999999997,507.27824419172407,1.3,130.38,30.436694651503444,346.46154954022063,68.298128986836,Average
752,18.83,Clear,Medium,Night,Bike,8,0.0,68,0,0.2769117647058823,375.35748253834436,1.3,179.22,22.52144895230066,173.6160335860437,46.25351609137247,Poor
258,14.07,Clear,Medium,Morning,Bike,16,9.0,73,1,0.19273972602739725,540.5685238669759,1.3,164.18,32.43411143201855,343.9544124349573,63.628272318644704,Poor
539,9.29,Clear,Medium,Evening,Bike,10,9.0,40,1,0.23224999999999998,492.46428358262943,1.3,118.66,29.547857014957764,344.25642656767167,69.90485158908173,Good
336,1.29,Rainy,Low,Evening,Bike,7,7.0,15,1,0.08600000000000001,464.15779297003854,1.0,62.16,27.84946757820231,374.1483253918362,80.60800250659317,Excellent
16,4.08,Windy,Medium,Afternoon,Bike,7,0.0,33,0,0.12363636363636364,363.8654506937603,1.3,92.22,21.831927041625615,249.81352365213465,68.65546678747056,Good
325,19.12,Windy,High,Evening,Car,8,0.0,92,1,0.20782608695652174,413.4843004147501,1.6,204.08,24.809058024885008,184.5952423898651,44.64383344293961,Poor
759,17.93,Clear,Medium,Afternoon,Bike,29,4.0,85,0,0.21094117647058824,613.3086838738634,1.3,189.22,36.7985210324318,387.2901628414316,63.1476731089436,Poor
223,2.33,Clear,Low,Morning,Car,6,1.0,17,1,0.13705882352941176,575.1375781436572,1.0,67.92,34.50825468861943,472.7093234550377,82.19065166647222,Excellent
180,3.18,Rainy,Medium,Evening,Bike,21,3.0,42,1,0.07571428571428572,353.36671328021737,1.3,95.82,21.20200279681304,236.34471048340433,66.88369379488911,Good
984,1.97,Clear,High,Morning,Car,28,7.0,43,1,0.04581395348837209,514.8998458143839,1.6,96.28,30.893990748863033,387.7258550655209,75.30121793924407,Good
23,6.2,Windy,High,Evening,Scooter,7,3.0,42,1,0.14761904761904762,612.7080685057683,1.6,112.4,36.7624841103461,463.5455843954222,75.65521138409134,Good
357,1.02,Windy,High,Evening,Bike,6,8.0,21,1,0.04857142857142857,249.58920783179423,1.6,74.88,14.975352469907653,159.73385536188658,63.99870280831056,Excellent
667,5.3,Clear,Low,Evening,Bike,16,5.0,32,1,0.165625,581.5040288569903,1.0,91.80000000000001,34.890241731419415,454.8137871255709,78.21335099252143,Good
862,9.34,Rainy,Low,Evening,Car,10,0.0,40,1,0.23349999999999999,400.606436158123,1.0,114.36,24.03638616948738,262.2100499886356,65.45327940890567,Good
341,10.09,Clear,Medium,Evening,Bike,7,0.0,49,1,0.20591836734693877,585.589800288974,1.3,129.06,35.135388017338435,421.39441227163553,71.96068170307747,Average
432,15.35,Rainy,High,Night,Scooter,23,9.0,80,0,0.191875,385.51112651862246,1.6,179.4,23.130667591117348,182.9804589275051,47.46437815684318,Poor
552,17.12,Rainy,Low,Morning,Bike,26,3.0,86,1,0.19906976744186047,229.26768490032214,1.0,182.28,13.756061094019328,33.23162380630281,14.494682851074629,Poor
834,3.94,Snowy,Low,Afternoon,Bike,19,3.0,43,0,0.09162790697674418,255.8686343175256,1.0,95.16,15.352118059051534,145.35651625847407,56.80904056340522,Good
204,18.02,Clear,Medium,Evening,Car,12,3.0,77,1,0.23402597402597403,507.2127419992073,1.3,183.18,30.43276451995244,293.59997747925485,57.88497669084853,Poor
631,14.41,Snowy,Medium,Evening,Bike,8,8.0,75,1,0.19213333333333332,538.9583752582223,1.3,167.14,32.337502515493334,339.480872742729,62.98832865897651,Poor
94,11.44,Rainy,Medium,Evening,Car,20,2.0,57,1,0.2007017543859649,364.3525062343387,1.3,140.85999999999999,21.861150374060323,201.6313558602784,55.33963741437701,Average
559,15.23,Foggy,Low,Morning,Car,6,0.0,52,1,0.2928846153846154,595.788868816606,1.0,147.52,35.74733212899636,412.5215366876097,69.23955083400372,Average
69,1.95,Clear,Low,Morning,Scooter,16,2.0,23,1,0.08478260869565217,250.771990659656,1.0,71.2,15.04631943957936,164.52567122007667,65.60767444055124,Excellent
623,7.72,Rainy,Medium,Morning,Bike,11,5.0,36,1,0.21444444444444444,490.08803020290253,1.3,109.17999999999999,29.405281812174152,351.50274839072836,71.72236960066172,Good
285,11.78,Clear,Low,Afternoon,Scooter,26,3.0,71,0,0.16591549295774646,318.3475700356315,1.0,148.92000000000002,19.100854202137892,150.3267158334936,47.22094024988728,Poor
845,3.4,Windy,Medium,Morning,Bike,11,6.0,30,1,0.11333333333333333,402.22458382967613,1.3,87.1,24.133475029780566,290.9911087998955,72.3454310100342,Excellent
435,2.14,Clear,High,Evening,Bike,18,3.0,34,1,0.06294117647058824,507.1098006974621,1.6,89.76,30.426588041847726,386.9232126556144,76.2996913338005,Good
154,10.04,Rainy,High,Afternoon,Bike,12,9.0,59,0,0.1701694915254237,370.93799520740714,1.6,141.36,22.256279712444428,207.3217154949627,55.891205046018634,Average
76,14.72,Clear,Medium,Evening,Scooter,15,8.0,80,1,0.184,442.3166683655262,1.3,172.38,26.53900010193157,243.39766826359462,55.0279213222987,Poor
731,3.7,Clear,Medium,Morning,Bike,28,7.0,45,1,0.08222222222222222,650.9439213821661,1.3,100.3,39.05663528292996,511.58728609923617,78.59160663378954,Good
447,19.73,Rainy,Low,Evening,Bike,8,8.0,64,1,0.30828125,413.4662195715277,1.0,175.12,24.80797317429166,213.53824639723604,51.645874871839425,Poor
189,10.83,Clear,Medium,Evening,Scooter,8,9.0,51,1,0.21235294117647058,625.3538168097713,1.3,133.62,37.521229008586275,454.212587801185,72.6328960648774,Average
272,16.3,Foggy,Low,Morning,Car,12,1.0,100,1,0.163,330.5439718013573,1.0,190.2,19.83263830808144,120.51133349327588,36.45848775777947,Poor
237,5.98,Foggy,High,Morning,Bike,14,6.0,44,1,0.13590909090909092,579.4706266872925,1.6,113.12,34.768237601237544,431.5823890860549,74.47873441891568,Good
488,5.98,Rainy,High,Morning,Bike,21,2.0,60,1,0.09966666666666667,716.235293098685,1.6,125.92,85.9482351718422,504.36705792684285,70.4191852575114,Average
118,4.14,Foggy,Medium,Morning,Bike,21,0.0,46,1,0.09,129.2533249809066,1.3,102.86000000000001,7.755199498854395,18.63812548205219,14.419842185727468,Average
944,16.68,Clear,Medium,Afternoon,Bike,9,9.0,63,0,0.26476190476190475,380.46571167942847,1.3,166.62,22.827942700765707,191.01776897866276,50.20630325279085,Poor
513,18.69,Windy,Medium,Night,Bike,23,9.0,74,0,0.2525675675675676,586.560819077081,1.3,183.46,35.19364914462486,367.9071699324561,62.722765988927875,Poor
826,18.44,Rainy,High,Morning,Bike,27,7.0,80,1,0.2305,469.5431920935511,1.6,191.76,28.172591525613065,249.61060056793806,53.16030660672555,Poor
592,13.0,Windy,High,Morning,Bike,22,8.0,65,1,0.2,555.6718810056964,1.6,158.0,33.34031286034178,364.3315681453546,65.56595368582629,Poor
127,16.45,Clear,Medium,Evening,Scooter,25,3.0,87,1,0.18908045977011492,409.4022219926269,1.3,184.9,24.564133319557612,199.93808867306927,48.83659099355598,Poor
117,16.17,Clear,Medium,Evening,Car,10,2.0,116,1,0.13939655172413795,512.988468120935,1.3,206.98000000000002,30.779308087256098,275.22916003367885,53.65211445041581,Poor
474,17.88,Clear,Medium,Evening,Bike,29,3.0,98,1,0.18244897959183673,476.64841469118807,1.3,199.42000000000002,28.598904881471285,248.62950980971675,52.16203435204947,Poor
694,5.23,Clear,Medium,Morning,Scooter,19,4.0,37,1,0.14135135135135135,675.1673092489712,1.3,100.02000000000001,40.51003855493827,534.6372706940328,79.18589412878147,Good
58,4.32,Clear,Medium,Morning,Bike,17,4.0,36,1,0.12000000000000001,538.1631264951819,1.3,95.58,32.28978758971091,410.29333890547105,76.23958586266025,Good
864,9.09,Rainy,Medium,Morning,Bike,6,7.0,43,1,0.2113953488372093,550.6403993112804,1.3,120.25999999999999,33.03842395867682,397.3419753526035,72.15997515794037,Good
913,12.67,Windy,Medium,Morning,Scooter,7,3.0,43,1,0.2946511627906977,438.2184550816299,1.3,134.58,26.29310730489779,277.3453477767321,63.289289750489665,Good
370,1.85,Clear,Medium,Evening,Bike,10,1.0,24,1,0.07708333333333334,426.859066389126,1.3,76.1,25.61154398334756,325.14752240577843,76.17210175626748,Excellent
269,7.51,Rainy,Low,Evening,Car,27,6.0,50,1,0.1502,435.11627182705683,1.0,115.03999999999999,26.10697630962341,293.96929551743347,67.56108988594104,Average
47,6.58,Clear,Low,Afternoon,Bike,13,1.0,34,0,0.1935294117647059,559.1678213567445,1.0,98.52000000000001,33.55006928140467,427.0977520753399,76.38096037769938,Good
350,12.7,Clear,Low,Morning,Scooter,22,2.0,57,1,0.22280701754385965,436.85232787696054,1.0,141.4,26.21113967261763,269.24118820434296,61.632082748148875,Average
196,7.31,Foggy,Medium,Afternoon,Bike,26,2.0,65,0,0.11246153846153846,543.466228534462,1.3,130.74,32.60797371206772,380.1182548223942,69.94330739693613,Poor
1000,9.2,Clear,High,Morning,Scooter,9,9.0,48,1,0.19166666666666665,811.3101197968158,1.6,129.2,97.35721437561789,584.7529054211979,72.07514009163883,Average
835,10.22,Foggy,Low,Afternoon,Scooter,21,0.0,61,0,0.1675409836065574,630.6687055147538,1.0,134.68,37.84012233088523,458.1485831838686,72.644889333763,Poor
737,8.15,Clear,High,Evening,Scooter,12,9.0,43,1,0.18953488372093025,451.0964701748238,1.6,121.0,27.06578821048943,303.0306819643344,67.17646933634704,Good
264,10.61,Clear,Medium,Morning,Bike,17,0.0,59,1,0.17983050847457627,680.1820883245917,1.3,139.14,40.81092529947551,500.23116302511625,73.54371301621214,Average
444,7.73,Clear,High,Night,Bike,29,5.0,58,0,0.13327586206896552,438.7886940467673,1.6,131.32,26.327321642806037,281.14137240396127,64.07215505283654,Average
676,19.66,Clear,Low,Morning,Car,19,6.0,70,1,0.28085714285714286,194.28131972332193,1.0,179.64,11.656879183399315,2.984440539922627,1.5361438475777291,Poor
305,14.66,Snowy,High,Morning,Car,5,6.0,71,1,0.20647887323943662,348.78705336238943,1.6,169.44,20.927223201743367,158.41983016064606,45.42021518099412,Poor
342,9.73,Clear,Low,Afternoon,Bike,29,6.0,60,0,0.16216666666666668,219.38121184612163,1.0,131.92000000000002,13.162872710767298,74.29833913535431,33.86722979152319,Average
967,14.52,Clear,Medium,Afternoon,Car,26,5.0,86,0,0.16883720930232557,447.27297739380367,1.3,176.38,26.83637864362822,244.05659875017545,54.56546920680492,Poor
150,5.93,Foggy,High,Morning,Scooter,27,1.0,106,1,0.055943396226415094,502.76275687843275,1.6,162.52,30.165765412705966,310.07699146572673,61.67461436303303,Poor
125,4.94,Rainy,High,Evening,Scooter,28,4.0,63,1,0.07841269841269842,751.4655968412924,1.6,124.16000000000001,90.17587162095508,537.1297252203374,71.47762019686682,Poor
787,11.88,Rainy,High,Afternoon,Car,29,9.0,78,0,0.1523076923076923,549.0391060646244,1.6,163.92000000000002,32.94234636387746,352.17675970074697,64.1442031743535,Poor
51,19.41,Foggy,Medium,Morning,Car,7,6.0,66,1,0.29409090909090907,467.13492067867037,1.3,179.94,28.028095240720223,259.16682543795014,55.48007951566183,Poor
354,3.68,Clear,High,Afternoon,Car,16,6.0,47,0,0.07829787234042554,624.4108371775234,1.6,106.32,37.4646502306514,480.62618694687194,76.97274908286502,Average
928,11.06,Clear,High,Evening,Bike,6,9.0,53,1,0.20867924528301887,168.32970364881726,1.6,140.64000000000001,10.099782218929034,17.589921429888207,10.449683596298424,Average
143,10.2,Rainy,Medium,Afternoon,Bike,18,9.0,56,0,0.18214285714285713,535.3421837162849,1.3,135.1,32.1205310229771,368.1216526933078,68.76380451431062,Average
471,0.74,Rainy,Low,Morning,Car,13,4.0,21,1,0.035238095238095235,615.629779083045,1.0,64.76,36.9377867449827,513.9319923380624,83.48069079821686,Excellent
400,15.21,Snowy,Medium,Afternoon,Bike,20,9.0,90,0,0.169,278.2120631330238,1.3,182.34,16.692723787981425,79.17933934504235,28.460066919234805,Poor
626,7.69,Rainy,High,Morning,Scooter,16,3.0,58,1,0.13258620689655173,671.5631064810393,1.6,131.16000000000003,40.29378638886236,500.10932009217686,74.46944527860194,Average
321,11.21,Clear,High,Afternoon,Scooter,23,1.0,76,0,0.14750000000000002,550.7744611241621,1.6,159.64000000000001,33.046467667449726,358.0879934567124,65.0153590502062,Poor
20,6.18,Clear,Medium,Evening,Bike,9,9.0,35,1,0.17657142857142857,437.70681291487983,1.3,102.22,26.26240877489279,309.22440413998703,70.64646814170594,Good
810,2.71,Clear,Medium,Morning,Car,6,5.0,19,1,0.14263157894736841,594.9172799159427,1.3,75.54,35.69503679495656,483.6822431209862,81.30243639743105,Excellent
791,3.49,Clear,Medium,Morning,Bike,17,2.0,38,1,0.0918421052631579,840.6039286706593,1.3,93.86,100.87247144047912,645.8714572301802,76.83421825681552,Good
809,9.29,Clear,Medium,Morning,Bike,17,2.0,49,1,0.18959183673469385,527.2799382587742,1.3,125.86,31.63679629552645,369.7831419632478,70.13032644184702,Average
408,0.71,Foggy,Low,Night,Bike,29,1.0,41,0,0.017317073170731705,537.2330879450504,1.0,80.64000000000001,32.233985276703024,424.3591026683474,78.98975550659901,Good
538,5.32,Rainy,Low,Afternoon,Scooter,27,2.0,48,0,0.11083333333333334,431.09586506896335,1.0,104.68,25.8657519041378,300.5501131648255,69.71769796881392,Average
621,4.1,Clear,Medium,Evening,Car,18,3.0,38,1,0.10789473684210525,372.5233445802812,1.3,96.3,22.351400674816873,253.87194390546432,68.14927107225981,Good
39,13.84,Clear,Low,Morning,Scooter,18,5.0,64,1,0.21625,624.5503724816368,1.0,151.56,37.473022348898205,435.5173501327386,69.73294218082367,Poor
176,3.9,Rainy,High,Morning,Car,25,9.0,54,1,0.07222222222222222,371.58742611366995,1.6,112.80000000000001,22.295245566820196,236.49218054684974,63.64375216359068,Average
246,18.6,Rainy,Medium,Morning,Car,28,9.0,77,1,0.24155844155844158,510.73493558290886,1.3,185.5,30.644096134974532,294.59083944793434,57.679790224593454,Poor
829,14.88,Snowy,Medium,Evening,Bike,10,0.0,64,1,0.2325,428.3513829852325,1.3,160.22000000000003,25.70108297911395,242.4303000061185,56.596128700832594,Poor
668,3.63,Windy,Medium,Morning,Car,22,9.0,39,1,0.09307692307692307,571.8469738619588,1.3,95.22,34.31081843171752,442.3161554302412,77.34869215850993,Good
755,3.22,Windy,High,Morning,Car,7,7.0,27,1,0.11925925925925927,550.0493157930423,1.6,88.48,33.002958947582535,428.5663568454597,77.91416960996804,Excellent
859,11.51,Foggy,Low,Afternoon,Car,5,7.0,57,0,0.20192982456140351,655.6309916386849,1.0,136.64,39.337859498321095,479.6531321403638,73.15900838389567,Average
155,19.72,Rainy,Low,Afternoon,Bike,27,6.0,109,0,0.18091743119266054,423.49754017178793,1.0,211.07999999999998,25.409852410307273,187.00768776148067,44.15791593160676,Poor
288,11.08,Clear,Low,Evening,Scooter,28,2.0,58,1,0.1910344827586207,459.5187597059943,1.0,135.72,27.571125582359656,296.22763412363463,64.4647531502663,Average
603,3.95,Clear,Medium,Morning,Car,28,5.0,47,1,0.08404255319148937,353.1854426326539,1.3,102.9,21.191126557959233,229.0943160746947,64.86516385472159,Average
570,7.29,Clear,High,Evening,Car,11,7.0,48,1,0.151875,433.35601098858325,1.6,121.56,26.001360659314994,285.7946503292683,65.94916029370538,Average
744,10.3,Clear,Low,Morning,Car,12,7.0,41,1,0.25121951219512195,556.5950739567278,1.0,119.0,33.395704437403666,404.19936951932414,72.6200048171372,Good
18,10.73,Rainy,High,Afternoon,Car,27,6.0,83,0,0.12927710843373494,613.5482924968028,1.6,163.32,36.81289754980816,413.41539494699464,67.3810684509645,Poor
128,17.28,Clear,Low,Morning,Car,28,3.0,72,1,0.24000000000000002,361.6752013733562,1.0,171.72,21.70051208240137,168.25468929095481,46.520936091846124,Poor
323,13.37,Foggy,Medium,Evening,Scooter,16,9.0,71,1,0.18830985915492957,630.440888015849,1.3,159.78,37.82645328095094,432.83443473489814,68.65583165094723,Poor
256,11.36,Clear,Medium,Morning,Scooter,8,2.0,52,1,0.21846153846153846,703.3456788207427,1.3,136.54,84.40148145848912,482.4041973622536,68.58707060958584,Average
658,7.58,Clear,High,Afternoon,Scooter,19,9.0,57,0,0.13298245614035087,562.0152354835551,1.6,129.92000000000002,33.7209141290133,398.3743213545418,70.88318896048833,Average
965,6.13,Rainy,High,Morning,Bike,25,6.0,59,1,0.10389830508474576,781.5193718837099,1.6,125.72,93.7823246260452,562.0170472576647,71.91338660013315,Average
191,2.32,Clear,Low,Afternoon,Scooter,23,1.0,32,0,0.0725,383.931620134464,1.0,79.88,23.03589720806784,281.01572292639617,73.19421172655075,Good
116,17.49,Rainy,Low,Evening,Bike,27,9.0,97,1,0.18030927835051544,313.30179450328745,1.0,192.56,18.798107670197247,101.9436868330902,32.53849439155399,Poor
617,1.69,Windy,Medium,Afternoon,Car,11,7.0,20,0,0.08449999999999999,233.1919626643582,1.3,72.25999999999999,13.991517759861491,146.9404449044967,63.01265413507991,Excellent
607,4.52,Clear,Low,Evening,Car,17,0.0,71,1,0.0636619718309859,724.4066467233774,1.0,119.88,86.92879760680529,517.5978491165722,71.45128381383041,Poor
181,7.15,Windy,Low,Morning,Bike,15,3.0,42,1,0.17023809523809524,598.1548484531087,1.0,107.2,35.88929090718652,455.06555754592216,76.07821933112629,Good
302,10.86,Windy,Medium,Morning,Car,10,4.0,60,1,0.181,491.6622993634317,1.3,140.94,29.499737961805902,321.2225614016258,65.33398265791809,Average
760,15.88,Rainy,Low,Evening,Car,17,1.0,68,1,0.2335294117647059,541.9952939479731,1.0,162.92000000000002,32.51971763687838,346.5555763110947,63.940698412108546,Poor
713,9.7,Snowy,Low,Evening,Bike,6,5.0,45,1,0.21555555555555553,331.1766429052435,1.0,119.8,19.87059857431461,191.5060443309289,57.82595132644144,Good
724,14.95,Clear,Medium,Morning,Bike,13,7.0,49,1,0.3051020408163265,866.862796942524,1.3,148.5,104.02353563310288,614.3392613094211,70.86926137287605,Average
686,11.36,Foggy,Low,Afternoon,Bike,6,4.0,47,0,0.24170212765957447,519.3831772962841,1.0,128.04,31.162990637777042,360.18018665850707,69.34768055705449,Average
980,12.14,Foggy,High,Afternoon,Bike,12,0.0,65,0,0.18676923076923077,516.4092191907339,1.6,154.56,30.984553151444032,330.8646660392899,64.07024773062508,Poor
518,16.31,Foggy,Medium,Afternoon,Car,14,7.0,71,0,0.22971830985915492,608.8649935848038,1.3,171.54,36.53189961508822,400.7930939697156,65.82626660960965,Poor
985,14.7,Clear,Medium,Evening,Scooter,24,5.0,75,1,0.19599999999999998,572.151384760507,1.3,168.3,34.329083085630415,369.52230167487653,64.58470808902305,Poor
46,13.42,Rainy,Medium,Evening,Bike,6,6.0,105,1,0.12780952380952382,533.5826036418697,1.3,187.18,32.01495621851218,314.3876474233575,58.920145686452784,Poor
910,7.9,Clear,Low,Afternoon,Scooter,22,5.0,48,0,0.16458333333333333,381.4288316832032,1.0,115.0,22.885729900992192,243.543101782211,63.850207837588535,Average
158,15.35,Foggy,Low,Morning,Car,5,3.0,56,1,0.2741071428571428,570.7202535703993,1.0,151.20000000000002,34.24321521422396,385.27703835617535,67.50716063533756,Average
852,15.12,Foggy,Low,Morning,Bike,14,1.0,58,1,0.26068965517241377,782.3036744712551,1.0,151.88,93.87644093655061,536.5472335347046,68.58554434086572,Average
172,0.82,Windy,Low,Morning,Car,18,9.0,23,1,0.035652173913043476,701.8130069232467,1.0,66.68,84.2175608307896,550.9154460924572,78.4988936736403,Excellent
17,6.43,Clear,Low,Evening,Car,9,7.0,26,1,0.24730769230769228,738.9779939959095,1.0,91.52,88.67735927950913,558.7806347164004,75.61532809588554,Excellent
512,8.66,Snowy,High,Morning,Bike,29,3.0,77,1,0.11246753246753247,423.31764853532223,1.6,150.24,25.399058912119333,247.6785896232029,58.508921251020375,Poor
49,11.16,Foggy,Medium,Afternoon,Car,21,4.0,77,0,0.14493506493506494,351.55927696121284,1.3,155.74,21.09355661767277,174.72572034354008,49.70021609266689,Poor
972,18.77,Foggy,Low,Afternoon,Car,15,5.0,71,0,0.26436619718309856,481.1319619850528,1.0,176.88,28.867917719103165,275.3840442659496,57.23669721083816,Poor
941,5.84,Clear,Medium,Evening,Bike,21,7.0,35,1,0.16685714285714284,508.3587368433042,1.3,100.86,30.50152421059825,376.99721263270595,74.15968002708117,Good
516,1.01,Clear,High,Night,Bike,17,7.0,29,0,0.03482758620689655,664.1287277706423,1.6,81.24000000000001,39.84772366623854,543.0410041044038,81.7674317337984,Excellent
953,3.92,Rainy,Medium,Night,Bike,20,9.0,41,0,0.09560975609756098,246.1303055427771,1.3,97.98,14.767818332566627,133.38248721021048,54.19181799497209,Good
481,12.77,Foggy,Low,Morning,Bike,22,8.0,71,1,0.17985915492957746,729.432547919092,1.0,152.88,87.53190575029105,489.020642168801,67.04124234158012,Poor
284,2.33,Clear,Low,Evening,Bike,9,2.0,18,1,0.12944444444444445,476.2988152131516,1.0,68.72,28.577928912789094,379.00088630036254,79.57208252360513,Excellent
719,2.92,Windy,High,Afternoon,Bike,24,4.0,48,0,0.06083333333333333,435.967839507887,1.6,104.08000000000001,26.15807037047322,305.7297691374137,70.12667940885645,Average
878,13.35,Rainy,Low,Evening,Scooter,14,4.0,91,1,0.1467032967032967,348.1843437109749,1.0,171.2,20.891060622658493,156.09328308831638,44.83064385510918,Poor
226,5.26,Rainy,Medium,Evening,Scooter,28,8.0,51,1,0.10313725490196078,251.7714992201346,1.3,111.34,15.106289953208075,125.3252092669265,49.77736147861173,Average
27,4.39,Foggy,Medium,Night,Bike,12,8.0,38,0,0.11552631578947367,623.4755875942872,1.3,97.46000000000001,37.40853525565723,488.6070523386299,78.36827328299181,Good
955,8.67,Windy,High,Morning,Bike,20,4.0,55,1,0.15763636363636363,510.99769507826056,1.6,132.68,30.659861704695633,347.6578333735649,68.03510793142037,Average
438,16.53,Snowy,Low,Afternoon,Scooter,24,9.0,99,0,0.166969696969697,306.50586503884193,1.0,190.32,18.390351902330515,97.79551313651143,31.90657155096145,Poor
952,13.47,Clear,Medium,Evening,Bike,19,4.0,59,1,0.22830508474576272,305.73818419045756,1.3,150.57999999999998,18.344291051427454,136.8138931390301,44.748709913774725,Average
365,18.86,Snowy,Medium,Night,Bike,18,1.0,89,0,0.21191011235955057,449.6322951064808,1.3,196.14,26.977937706388847,226.51435740009197,50.37768858361239,Poor
230,12.81,Clear,Low,Morning,Bike,12,2.0,51,1,0.2511764705882353,750.3532287934089,1.0,137.04000000000002,90.04238745520907,523.2708413381997,69.73660154426675,Average
38,2.4,Snowy,Low,Night,Scooter,27,5.0,42,0,0.05714285714285714,461.06129729545927,1.0,88.2,27.663677837727555,345.1976194577317,74.87022256750402,Good
966,7.44,Rainy,Medium,Evening,Bike,6,1.0,39,1,0.19076923076923077,274.5285570322841,1.3,110.46000000000001,16.471713421937043,147.59684361034704,53.76374873561511,Good
375,1.89,Clear,Medium,Evening,Scooter,13,7.0,22,1,0.08590909090909091,463.1385403871084,1.3,74.66,27.7883124232265,360.6902279638819,77.8795536347296,Excellent
470,19.28,Snowy,Medium,Morning,Car,21,3.0,101,1,0.1908910891089109,459.09146453784945,1.3,207.42000000000002,27.545487872270964,224.12597666557846,48.819460603824965,Poor
968,6.29,Clear,Medium,Morning,Scooter,10,7.0,27,1,0.23296296296296296,100.0,1.3,96.25999999999999,6.0,-2.259999999999991,-2.259999999999991,Excellent
851,1.81,Clear,Medium,Afternoon,Car,23,3.0,34,0,0.05323529411764706,491.85577002232816,1.3,83.94,29.511346201339688,378.4044238209885,76.93402149248153,Good
705,1.74,Clear,Medium,Night,Bike,23,2.0,34,0,0.051176470588235295,465.35982046869833,1.3,83.66,27.9215892281219,353.7782312405765,76.02251326387831,Good
842,13.44,Clear,Medium,Morning,Car,22,1.0,79,1,0.17012658227848101,604.4309547220128,1.3,166.45999999999998,36.26585728332076,401.705097438692,66.46004714027964,Poor
195,7.11,Clear,Low,Afternoon,Scooter,27,5.0,48,0,0.148125,777.3434142418018,1.0,111.84,93.28120970901622,572.2222045327856,73.61253649918864,Average
855,4.5,Windy,Low,Evening,Scooter,20,6.0,32,1,0.140625,668.9847544321636,1.0,88.6,40.139085265929815,540.2456691662338,80.75605095437429,Good
865,8.31,Windy,Medium,Morning,Bike,6,5.0,44,1,0.18886363636363637,459.66669641677544,1.3,117.94,27.580001785006527,314.1466946317689,68.3422786729224,Good
504,16.37,Clear,High,Morning,Bike,26,7.0,97,1,0.16876288659793814,334.02111368874944,1.6,197.08,20.041266821324964,116.89984686742446,34.997741782381794,Poor
970,9.78,Clear,Medium,Afternoon,Bike,18,3.0,58,0,0.1686206896551724,886.0039704874791,1.3,135.02,106.3204764584975,644.6634940289816,72.76079064005638,Average
831,4.88,Windy,Medium,Afternoon,Scooter,26,7.0,48,0,0.10166666666666667,508.88276510217327,1.3,107.42,30.532965906130396,370.92979919604284,72.89101235754521,Average
580,5.54,Rainy,Medium,Morning,Scooter,28,9.0,51,1,0.10862745098039216,502.0893937869419,1.3,112.46000000000001,30.125363627216515,359.5040301597254,71.60159816327018,Average
969,11.54,Clear,High,Afternoon,Car,10,0.0,56,0,0.20607142857142854,496.3812369334995,1.6,144.96,29.78287421600997,321.6383627174895,64.79663991823679,Average
163,12.85,Clear,Low,Afternoon,Scooter,5,5.0,54,0,0.23796296296296296,529.7127141151782,1.0,139.60000000000002,31.78276284691069,358.32995126826745,67.64609225338585,Average
909,5.56,Clear,Low,Afternoon,Scooter,19,5.0,31,0,0.17935483870967742,478.3459382114086,1.0,92.03999999999999,28.700756292684517,357.6051819187241,74.75869519366081,Good
153,3.33,Clear,Medium,Evening,Scooter,24,2.0,44,1,0.07568181818181818,413.95069896796457,1.3,98.02000000000001,24.837041938077874,291.0936570298867,70.32085167524123,Good
802,3.47,Snowy,High,Night,Bike,24,9.0,53,0,0.06547169811320755,417.9711588139412,1.6,110.28,25.078269528836472,282.61288928510476,67.61540439466283,Average
994,12.01,Clear,Low,Morning,Scooter,26,6.0,57,1,0.21070175438596492,495.08700946760024,1.0,138.64,29.705220568056014,326.74178889954425,65.99684149477307,Average
756,15.98,Foggy,Low,Morning,Car,21,6.0,90,1,0.17755555555555555,418.48628432993524,1.0,180.92000000000002,25.109177059796114,212.45710727013912,50.767997715938904,Poor
112,3.64,Clear,Low,Morning,Scooter,16,3.0,26,1,0.14,393.07313259842533,1.0,80.36,23.58438795590552,289.1287446425198,73.55596723979147,Excellent
227,19.47,Clear,Low,Morning,Bike,16,8.0,83,1,0.23457831325301204,515.9645341537845,1.0,189.28,30.957872049227067,295.7266621045574,57.315308035574276,Poor
689,15.51,Rainy,Medium,Morning,Scooter,10,8.0,81,1,0.19148148148148147,461.7534173868717,1.3,176.33999999999997,27.705205043212302,257.70821234365945,55.810786155534466,Poor
104,10.42,Windy,Medium,Afternoon,Bike,28,3.0,72,0,0.14472222222222222,725.5989482874033,1.3,148.78,87.0718737944884,489.747074492915,67.4955601367452,Poor
422,15.9,Rainy,Low,Evening,Car,19,5.0,78,1,0.20384615384615384,102.35452874104823,1.0,171.0,6.141271724462894,-74.78674298341467,-73.06637420276864,Poor
420,15.17,Windy,Low,Morning,Bike,25,4.0,77,1,0.197012987012987,663.7260277883693,1.0,167.28,39.82356166730215,456.62246612106713,68.79682986707617,Poor
751,2.78,Rainy,Low,Morning,Bike,21,4.0,37,1,0.07513513513513513,686.9127788746443,1.0,85.72,41.21476673247866,559.9780121421657,81.52097753364941,Good
587,1.98,Rainy,Low,Afternoon,Bike,22,0.0,39,0,0.05076923076923077,188.99146513877758,1.0,84.12,11.339487908326655,93.53197723045092,49.49005351208311,Good
781,14.03,Clear,Low,Afternoon,Bike,17,2.0,65,0,0.21584615384615383,448.5968608879477,1.0,153.12,26.91581165327686,268.5610492346708,59.86690337134416,Poor
673,2.06,Foggy,Medium,Evening,Scooter,22,4.0,40,1,0.051500000000000004,444.2838701006313,1.3,89.74000000000001,26.657032206037876,327.88683789459344,73.80120233046641,Good
120,11.02,Clear,High,Morning,Scooter,22,2.0,70,1,0.15742857142857142,288.8732457923268,1.6,154.07999999999998,17.33239474753961,117.46085104478723,40.66172716085682,Poor
54,17.95,Snowy,High,Morning,Scooter,16,5.0,96,1,0.18697916666666667,383.3274968613687,1.6,202.60000000000002,22.99964981168212,157.72784704968655,41.14702136975298,Poor
152,5.17,Foggy,Low,Morning,Bike,29,0.0,56,1,0.09232142857142857,333.4136231801257,1.0,110.48,20.004817390807542,202.92880578931812,60.863981457556235,Average
404,16.62,Snowy,Low,Afternoon,Bike,26,8.0,94,0,0.1768085106382979,762.8405665135434,1.0,186.68,91.54086798162521,484.6196985319183,63.528307198816805,Poor
946,0.71,Rainy,Low,Morning,Car,25,8.0,31,1,0.022903225806451613,640.3517589721191,1.0,72.64,38.42110553832715,529.2906534337919,82.65623479872993,Good
208,13.44,Clear,Medium,Evening,Scooter,9,5.0,55,1,0.24436363636363637,690.7332642491237,1.3,147.26,41.443995854947424,502.0292683941763,72.68062715061477,Average
659,13.1,Clear,Low,Evening,Bike,28,2.0,72,1,0.18194444444444444,608.2508096064853,1.0,155.0,36.49504857638912,416.75576103009615,68.51709104994386,Poor
844,19.24,Rainy,High,Afternoon,Bike,9,7.0,75,0,0.25653333333333334,330.6422343174156,1.6,190.95999999999998,19.838534059044935,119.8437002583707,36.245732643858524,Poor
763,5.35,Clear,Medium,Afternoon,Scooter,24,6.0,43,0,0.12441860465116278,421.32196005803394,1.3,105.3,25.279317603482035,290.7426424545519,69.00723674942182,Good
9,12.22,Clear,Low,Evening,Scooter,15,0.0,56,1,0.21821428571428572,573.4061841841877,1.0,138.68,34.404371051051264,400.32181313313646,69.81470102257326,Average
808,18.55,Clear,Low,Afternoon,Car,11,9.0,69,0,0.2688405797101449,316.6808286662082,1.0,174.4,19.00084971997249,123.27997894623569,38.92877869035033,Poor
37,6.44,Clear,Low,Afternoon,Car,18,2.0,43,0,0.14976744186046512,606.9497645258582,1.0,105.16,36.41698587155149,465.3727786543067,76.67401914520065,Good
453,8.77,Foggy,Medium,Evening,Car,14,7.0,49,1,0.17897959183673467,463.95119027627976,1.3,123.78,27.837071416576784,312.3341188597029,67.32046935232779,Average
652,10.97,Clear,Low,Afternoon,Scooter,27,3.0,51,0,0.2150980392156863,443.77687886756036,1.0,129.68,26.62661273205362,287.47026613550673,64.77810805941033,Average
254,6.68,Clear,High,Morning,Scooter,10,5.0,44,1,0.15181818181818182,606.6439952305237,1.6,115.92,36.39863971383142,454.3253555166923,74.89159360162287,Good
304,12.93,Rainy,Low,Afternoon,Scooter,25,0.0,61,0,0.21196721311475408,566.639496722906,1.0,145.52,33.99836980337436,387.1211269195316,68.31876866303918,Poor
747,7.99,Clear,Medium,Evening,Bike,18,4.0,42,1,0.19023809523809523,445.85507512713804,1.3,115.06,26.75130450762828,304.04377061950976,68.19340803349833,Good
572,15.78,Clear,High,Afternoon,Scooter,12,1.0,68,0,0.23205882352941176,673.8994705046372,1.6,171.52,40.43396823027823,461.94550227435894,68.54813254689748,Poor
624,9.95,Windy,High,Evening,Scooter,21,5.0,72,1,0.13819444444444443,337.84050086001537,1.6,151.4,20.270430051600922,166.17007080841444,49.185953248769074,Poor
733,13.47,Rainy,Low,Afternoon,Scooter,7,6.0,46,0,0.29282608695652174,592.3903410416395,1.0,135.68,35.54342046249837,421.16692057914116,71.09618293886683,Average
892,17.19,Clear,Medium,Afternoon,Bike,11,8.0,76,0,0.2261842105263158,588.9651886952576,1.3,179.06,35.33791132171545,374.5672773735421,63.59752402401336,Poor
263,3.23,Clear,High,Afternoon,Bike,17,9.0,33,0,0.09787878787878788,453.56803410290144,1.6,93.32000000000001,27.214082046174084,333.03395205672734,73.42535783312533,Good
611,1.27,Foggy,High,Afternoon,Bike,25,9.0,46,0,0.027608695652173915,548.9199533363177,1.6,95.88,32.93519720017906,420.10475613613863,76.53297235466766,Average
298,4.71,Clear,Low,Morning,Bike,20,6.0,31,1,0.15193548387096775,312.33296354220454,1.0,88.64,18.73997781253227,204.9529857296723,65.62003043331597,Good
415,12.82,Rainy,Medium,Evening,Bike,28,9.0,72,1,0.17805555555555555,638.6040528810352,1.3,158.38,38.31624317286211,441.90780970817303,69.1990299332622,Poor
151,18.21,Clear,Low,Evening,Bike,6,3.0,74,1,0.2460810810810811,472.26467953355166,1.0,177.04000000000002,28.3358807720131,266.8887987615385,56.51254695251408,Poor
789,9.51,Clear,High,Morning,Bike,26,9.0,63,1,0.15095238095238095,421.59154692214406,1.6,142.44,25.295492815328643,253.8560541068154,60.21374383810769,Poor
641,0.89,Rainy,Low,Morning,Car,9,0.0,20,1,0.0445,657.3513838755334,1.0,64.56,39.441083032532006,553.3503008430015,84.17876867933633,Excellent
890,5.24,Windy,High,Afternoon,Scooter,26,8.0,51,0,0.1027450980392157,394.3484464185861,1.6,115.76,23.660906785115166,254.92753963347093,64.64525014582533,Average
551,10.64,Windy,Low,Evening,Car,11,9.0,36,1,0.29555555555555557,288.73080554546607,1.0,116.36,17.323848332727962,155.0469572127381,53.699485553619965,Good
887,13.23,Clear,Medium,Night,Bike,20,8.0,70,0,0.189,266.5056239714145,1.3,158.42000000000002,15.990337438284868,92.0952865331296,34.556601530858416,Poor
489,19.03,Clear,Medium,Morning,Scooter,8,8.0,65,1,0.2927692307692308,590.9014927018459,1.3,177.62,35.45408956211075,377.8274031397351,63.94084425343928,Poor
148,10.3,Rainy,Low,Evening,Bike,29,0.0,73,1,0.1410958904109589,307.93559712555754,1.0,144.60000000000002,18.47613582753345,144.85946129802406,47.04212914980373,Poor
147,12.39,Snowy,Medium,Evening,Bike,14,8.0,56,1,0.22125,763.2191272976547,1.3,143.86,91.58629527571857,527.7728320219361,69.15089168305202,Average
721,18.8,Clear,High,Afternoon,Bike,23,7.0,95,0,0.19789473684210526,187.7105888174417,1.6,205.2,11.262635329046502,-28.75204651160479,-15.317221416617924,Poor
932,16.78,Rainy,Medium,Morning,Bike,22,1.0,70,1,0.23971428571428574,754.4684552435058,1.3,172.62,90.5362146292207,491.3122406142851,65.12031579315179,Poor
740,7.85,Clear,Low,Afternoon,Scooter,7,9.0,34,0,0.23088235294117646,531.6526200803928,1.0,103.6,31.899157204823567,396.15346287556923,74.51359175389103,Good
660,11.63,Clear,Medium,Night,Scooter,29,7.0,57,0,0.20403508771929826,485.49303321944114,1.3,141.62,29.129581993166468,314.74345122627466,64.82965350483448,Average
349,7.8,Windy,Medium,Afternoon,Car,17,6.0,44,0,0.17727272727272728,418.2621369786575,1.3,115.9,25.09572821871945,277.2664087599381,66.29010475650252,Good
464,11.88,Rainy,Medium,Afternoon,Bike,5,1.0,63,0,0.18857142857142858,559.8704171528107,1.3,147.42000000000002,33.59222502916864,378.858192123642,67.66890703929384,Poor
326,14.89,Clear,High,Evening,Car,22,9.0,88,1,0.16920454545454547,494.35479463627274,1.6,183.96,29.661287678176365,280.7335069580964,56.78785965141683,Poor
187,16.44,Rainy,High,Afternoon,Bike,12,5.0,86,0,0.19116279069767445,665.4952823024782,1.6,188.56,39.929716938148694,437.0055653643295,65.66621537156195,Poor
124,2.65,Clear,Medium,Afternoon,Car,14,4.0,35,0,0.0757142857142857,517.1341472993059,1.3,88.1,31.028048837958355,398.00609846134756,76.96380147006427,Good
854,18.01,Foggy,High,Night,Bike,14,2.0,71,0,0.25366197183098593,522.5452642192816,1.6,182.84,31.352715853156898,308.3525483661247,59.00972977466833,Poor
609,10.32,Clear,Medium,Night,Car,24,5.0,49,0,0.21061224489795918,445.4581681679216,1.3,129.98000000000002,26.727490090075296,288.75067807784626,64.82105362786787,Average
144,6.37,Rainy,Low,Afternoon,Car,29,4.0,56,0,0.11375,491.4581564418399,1.0,115.28,29.487489386510394,346.69066705532947,70.54327260847029,Average
959,3.74,Rainy,Low,Morning,Bike,19,6.0,36,1,0.10388888888888889,546.1702653338089,1.0,88.76,32.770215920028534,424.64004941378033,77.74865758285988,Good
198,17.99,Windy,High,Evening,Bike,5,1.0,73,1,0.24643835616438353,243.47474110150614,1.6,184.36,14.608484466090367,44.50625663541576,18.2796196574908,Poor
610,13.96,Rainy,Low,Night,Bike,5,1.0,42,0,0.3323809523809524,297.77218668414304,1.0,134.44,17.86633120104858,145.46585548309446,48.85139109294817,Good
280,16.02,Clear,Low,Evening,Bike,20,7.0,61,1,0.26262295081967213,611.4896141034072,1.0,157.88,36.68937684620443,416.9202372572028,68.18108233424527,Poor
294,7.52,Clear,Medium,Afternoon,Car,17,9.0,44,0,0.1709090909090909,525.6298157191912,1.3,114.78,31.537788943151472,379.3120267760398,72.16333918521104,Good
401,2.51,Clear,Low,Morning,Bike,16,2.0,28,1,0.08964285714285714,472.40249954709816,1.0,77.44,28.34414997282589,366.61834957427226,77.60719935346589,Excellent
123,6.7,Foggy,High,Morning,Scooter,23,3.0,59,1,0.1135593220338983,502.76508995980896,1.6,128.0,30.165905397588535,344.59918456222044,68.54079398984678,Average
184,17.61,Windy,Low,Morning,Bike,5,8.0,61,1,0.2886885245901639,552.1372558042507,1.0,164.24,33.12823534825504,354.76902045599564,64.25377326498901,Poor
203,3.65,Clear,Medium,Morning,Bike,29,9.0,46,1,0.07934782608695652,419.03604795359576,1.3,100.9,25.142162877215743,292.99388507637997,69.9209260175216,Average
439,14.27,Clear,Medium,Night,Car,24,3.0,77,0,0.1853246753246753,383.2542911896531,1.3,168.18,22.995257471379183,192.0790337182739,50.117908170589466,Poor
247,8.85,Clear,Low,Afternoon,Bike,11,9.0,45,0,0.19666666666666666,529.3767882646522,1.0,116.4,31.762607295879132,381.21418096877306,72.01188065280112,Good
416,9.24,Windy,Medium,Afternoon,Bike,8,2.0,49,0,0.18857142857142858,353.2440833577452,1.3,125.66000000000001,21.19464500146471,206.38943835628044,58.426863486135495,Average
933,19.7,Rainy,Low,Evening,Car,16,6.0,66,1,0.29848484848484846,561.2379133571708,1.0,176.6,33.67427480143024,350.96363855574054,62.53384352749312,Poor
766,11.61,Clear,High,Morning,Car,19,1.0,67,1,0.17328358208955222,244.61245936432394,1.6,154.04,14.676747561859436,75.89571180246452,31.026919887766642,Poor
907,16.44,Windy,High,Afternoon,Car,8,0.0,80,0,0.20550000000000002,654.3733455988465,1.6,183.76,39.26240073593079,431.35094486291575,65.91817160097911,Poor
836,8.67,Rainy,High,Afternoon,Bike,12,7.0,104,0,0.08336538461538462,570.8896223619564,1.6,171.88,34.25337734171738,364.756245020239,63.892603882187174,Poor
888,5.14,Clear,Medium,Evening,Scooter,23,7.0,43,1,0.11953488372093023,538.4044601470814,1.3,104.46000000000001,32.30426760882489,401.6401925382565,74.5982290764338,Good
130,10.46,Clear,Medium,Evening,Bike,25,3.0,68,1,0.15382352941176472,647.403647591827,1.3,145.74,38.844218855509624,462.81942873631743,71.48854203368874,Poor
638,5.23,Clear,Medium,Morning,Scooter,23,2.0,47,1,0.11127659574468086,749.8211666693865,1.3,108.02000000000001,89.97854000032638,551.8226266690601,73.59389827846398,Average
403,10.35,Clear,Medium,Night,Bike,7,9.0,48,0,0.21562499999999998,652.1555097527196,1.3,129.3,39.129330585163174,483.72617916755644,74.17344052662727,Average
785,4.04,Rainy,High,Evening,Bike,14,6.0,39,1,0.10358974358974359,223.86886530025322,1.6,101.36,13.432131918015193,109.07673338223803,48.72349410264986,Good
771,2.66,Clear,Low,Afternoon,Bike,16,8.0,21,0,0.12666666666666668,308.0634549896448,1.0,72.44,18.48380729937869,217.13964769026612,70.48536402916244,Excellent
736,17.61,Foggy,Medium,Afternoon,Bike,9,5.0,74,0,0.23797297297297296,406.2772133456482,1.3,179.14,24.37663280073889,202.76058054490932,49.90695364753495,Poor
914,8.48,Clear,High,Night,Bike,11,5.0,39,0,0.21743589743589745,503.91365753162506,1.6,119.12,30.234819451897504,354.55883807972754,70.36102966855505,Good
220,17.06,Clear,Low,Evening,Bike,9,9.0,66,1,0.2584848484848485,577.6488530703684,1.0,166.04,34.658931184222105,376.94992188614634,65.25589376358145,Poor
642,6.78,Foggy,Low,Night,Bike,18,6.0,42,0,0.16142857142857142,391.13842802698014,1.0,105.72,23.46830568161881,261.9501223453613,66.97120599137152,Good
916,9.0,Snowy,Medium,Afternoon,Car,29,3.0,78,0,0.11538461538461539,528.0150146715617,1.3,147.9,31.680900880293702,348.4341137912681,65.98943289671462,Poor
753,12.74,Clear,Low,Afternoon,Scooter,12,0.0,63,0,0.20222222222222222,386.6925601470016,1.0,146.36,23.201553608820095,217.13100653818148,56.150810467012576,Poor
807,18.72,Rainy,Medium,Afternoon,Bike,17,0.0,89,0,0.21033707865168538,408.27232955120775,1.3,195.57999999999998,24.496339773072464,188.1959897781353,46.09570038337137,Poor
920,3.23,Clear,Low,Morning,Bike,7,7.0,14,1,0.2307142857142857,289.00083547276665,1.0,69.12,17.340050128366,202.54078534440066,70.08311412424503,Excellent
625,12.56,Clear,Low,Morning,Car,22,8.0,49,1,0.2563265306122449,361.51501308336435,1.0,134.44,21.690900785001862,205.38411229836248,56.8120561706801,Average
875,1.0,Snowy,Medium,Morning,Bike,28,0.0,51,1,0.0196078431372549,297.2473091575499,1.3,94.30000000000001,17.834838549452993,185.1124706080969,62.27557488501327,Average
761,3.46,Clear,Low,Morning,Bike,24,6.0,37,1,0.09351351351351352,353.61901205340007,1.0,88.44,21.217140723204004,243.96187133019606,68.99003249671297,Good
387,6.0,Snowy,Low,Morning,Car,20,8.0,53,1,0.11320754716981132,658.046269491176,1.0,111.4,39.482776169470554,507.16349332170546,77.0710992273935,Average
973,14.79,Clear,Medium,Morning,Scooter,12,9.0,64,1,0.23109375,357.59016667520854,1.3,159.86,21.45541000051251,176.27475667469602,49.295191283825936,Poor
510,14.65,Snowy,High,Morning,Car,19,3.0,95,1,0.15421052631578946,894.8573097256086,1.6,188.6,107.38287716707303,598.8744325585355,66.92401414725765,Poor
268,14.2,Clear,Medium,Afternoon,Bike,17,1.0,73,0,0.19452054794520546,573.9976851321334,1.3,164.7,34.439861107928,374.8578240242054,65.30650449189768,Poor
820,7.04,Clear,Low,Afternoon,Bike,11,8.0,38,0,0.18526315789473685,527.725418554231,1.0,103.56,31.66352511325386,392.5018934409772,74.37615844169201,Good
442,19.74,Clear,Medium,Afternoon,Car,16,1.0,98,0,0.2014285714285714,371.246332972818,1.3,206.86,22.27477997836908,142.11155299444889,38.279584300932086,Poor
497,11.88,Rainy,Medium,Evening,Bike,20,8.0,69,1,0.17217391304347826,605.0464819113487,1.3,152.22000000000003,36.30278891468092,416.5236929966677,68.84160233125638,Poor
113,18.63,Clear,Low,Evening,Bike,26,8.0,75,1,0.24839999999999998,413.65432606433393,1.0,179.51999999999998,24.819259563860037,209.3150665004739,50.601445050019855,Poor
692,8.8,Rainy,Medium,Afternoon,Bike,6,2.0,38,0,0.23157894736842108,518.3014721968042,1.3,115.10000000000001,31.09808833180825,372.1033838649959,71.7928471798175,Good
233,11.75,Clear,High,Morning,Bike,9,2.0,55,1,0.21363636363636362,884.0126807403192,1.6,145.0,106.0815216888383,632.9311590514809,71.59752035699654,Average
870,18.95,Snowy,Low,Morning,Car,27,0.0,92,1,0.20597826086956522,485.5910150413025,1.0,194.4,29.13546090247815,262.0555541388244,53.96631033556808,Poor
608,7.6,Foggy,Low,Morning,Bike,16,4.0,48,1,0.15833333333333333,672.3909989428514,1.0,113.80000000000001,40.34345993657109,518.2475390062804,77.07532370615922,Average
672,17.99,Foggy,Low,Morning,Car,11,2.0,84,1,0.21416666666666664,394.5235362311169,1.0,184.16,23.671412173867015,186.69212405724988,47.32090912514869,Poor
374,13.82,Clear,Medium,Evening,Bike,21,9.0,72,1,0.19194444444444445,494.75172642545573,1.3,162.38,29.685103585527344,302.6866228399284,61.17949805386566,Poor
982,15.53,Foggy,Low,Evening,Bike,26,7.0,68,1,0.22838235294117645,765.6200953453265,1.0,161.52,91.87441144143918,512.2256839038873,66.90337505742352,Poor
843,3.97,Clear,High,Afternoon,Bike,19,8.0,40,0,0.09925,405.9549413318349,1.6,101.88,24.357296479910094,279.71764485192483,68.90361869577012,Good
234,10.1,Clear,High,Morning,Car,17,6.0,55,1,0.18363636363636363,771.8672836995393,1.6,138.4,92.6240740439447,540.8432096555946,70.06945637899659,Average
786,18.21,Foggy,Low,Morning,Bike,5,1.0,70,1,0.2601428571428572,606.1627903183213,1.0,173.84,36.369767419099276,395.953022899222,65.32123535515775,Poor
677,2.68,Clear,Low,Morning,Bike,16,8.0,25,1,0.1072,415.6299836158598,1.0,75.72,24.93779901695159,314.9721845989082,75.78187258261349,Excellent
318,3.88,Snowy,Low,Morning,Bike,9,6.0,33,1,0.11757575757575757,594.8611608583282,1.0,86.92,35.69166965149969,472.24949120682845,79.3881870729999,Good
649,15.89,Snowy,Medium,Afternoon,Car,15,9.0,91,0,0.17461538461538462,645.8831674440095,1.3,185.86,38.75299004664057,421.2701773973689,65.2238978551625,Poor
411,6.73,Clear,Medium,Afternoon,Bike,21,1.0,54,0,0.12462962962962963,593.2714943325794,1.3,119.62,35.59628965995476,438.05520467262465,73.83722441703178,Average
899,0.75,Clear,Medium,Afternoon,Bike,10,5.0,16,0,0.046875,264.46629201643157,1.3,65.3,15.867977520985894,183.29831449544565,69.30876260179771,Excellent
710,13.79,Rainy,Low,Night,Scooter,11,0.0,69,0,0.1998550724637681,390.9294236262697,1.0,155.36,23.45576541757618,212.1136582086935,54.25881128136191,Poor
359,18.83,Clear,Medium,Evening,Scooter,5,8.0,69,1,0.27289855072463765,462.8722046672743,1.3,180.01999999999998,27.772332280036455,255.07987238723783,55.10805570418654,Poor
259,11.62,Clear,Low,Afternoon,Bike,9,8.0,33,0,0.3521212121212121,488.8349856349931,1.0,117.88,29.330099138099584,341.6248864968935,69.88552303659797,Good
745,5.03,Clear,Medium,Morning,Bike,17,5.0,38,1,0.13236842105263158,593.1008146326017,1.3,100.02000000000001,35.586048877956095,457.4947657546456,77.136087907423,Good
628,15.08,Rainy,Medium,Evening,Scooter,26,1.0,94,1,0.16042553191489362,526.6551501399881,1.3,185.01999999999998,31.599309008399285,310.0358411315888,58.86885204657724,Poor
633,10.48,Rainy,Low,Afternoon,Car,10,7.0,45,0,0.2328888888888889,299.6983461934848,1.0,122.92,17.981900771609087,158.7964454218757,52.98542599209305,Good
283,7.82,Rainy,Medium,Evening,Bike,16,8.0,45,1,0.17377777777777778,557.0296776508944,1.3,116.78,33.42178065905367,406.8278969918408,73.03522833963092,Good
377,16.98,Clear,Low,Morning,Bike,11,6.0,78,1,0.21769230769230768,591.5878617925734,1.0,175.32,35.49527170755441,380.77259008501903,64.36450351284051,Poor
385,14.83,Rainy,Low,Morning,Car,19,4.0,126,1,0.1176984126984127,583.9685671896559,1.0,205.12,35.03811403137935,343.8104531582766,58.8748217755729,
225,5.67,Clear,Low,Morning,Scooter,11,9.0,27,1,0.21,662.1171088331932,1.0,89.28,39.72702652999159,533.1100823032017,80.51598051025559,Excellent
954,18.33,Snowy,Medium,Morning,Scooter,5,5.0,67,1,0.2735820895522388,625.0883231823357,1.3,176.42,37.50529939094014,411.1630237913956,65.77678842217966,Poor
815,17.46,Clear,Medium,Morning,Scooter,6,5.0,62,1,0.28161290322580645,568.8770118842655,1.3,168.94,34.13262071305593,365.80439117120955,64.30289562230196,Poor
473,1.34,Foggy,High,Evening,Bike,9,5.0,30,1,0.04466666666666667,489.4751432812029,1.6,83.36,29.368508596872175,376.74663468433073,76.96951313171999,Excellent
348,1.38,Clear,Low,Morning,Scooter,13,9.0,17,1,0.0811764705882353,250.85585997260128,1.0,64.12,15.051351598356076,171.6845083742452,68.43950481882176,Excellent
506,3.67,Clear,Low,Morning,Bike,9,0.0,26,1,0.14115384615384616,564.4427328698879,1.0,80.48,33.86656397219327,450.0961688976946,79.74168904774406,Excellent
640,7.86,Windy,Medium,Morning,Car,22,2.0,55,1,0.1429090909090909,531.1531530744667,1.3,124.94,31.869189184468,374.3439638899987,70.47759421612929,Average
988,8.98,Clear,Medium,Afternoon,Scooter,22,8.0,105,0,0.08552380952380953,540.736825579306,1.3,169.42000000000002,32.44420953475836,338.8726160445476,62.668677259312645,Poor
929,12.85,Rainy,Medium,Evening,Scooter,6,7.0,61,1,0.21065573770491802,308.48771362695356,1.3,149.70000000000002,18.509262817617213,140.27845080933633,45.4729457974367,Poor
906,17.91,Clear,Low,Afternoon,Bike,6,7.0,68,0,0.26338235294117646,337.84151893876066,1.0,171.04000000000002,20.27049113632564,146.531027802435,43.37271163790741,Poor
620,15.09,Snowy,Low,Morning,Car,20,7.0,68,1,0.22191176470588236,657.9729279999356,1.0,159.76,39.478375679996134,458.73455231993944,69.71936576697337,Poor
856,4.22,Clear,Medium,Morning,Bike,16,7.0,35,1,0.12057142857142857,494.06672692150175,1.3,94.38,29.644003615290103,370.04272330621166,74.89731713202471,Good
804,12.33,Clear,High,Night,Bike,7,2.0,101,0,0.12207920792079208,602.2251046058936,1.6,184.12,36.133506276353614,381.97159832954003,63.42671459694606,Poor
646,17.87,Snowy,Low,Morning,Scooter,29,4.0,87,1,0.20540229885057473,504.24775641956916,1.0,186.08,30.25486538517415,287.91289103439505,57.097505614845325,Poor
847,2.16,Clear,Medium,Night,Car,10,1.0,23,0,0.09391304347826088,504.4634209243618,1.3,76.54,30.267805255461706,397.65561566890005,78.82744301663126,Excellent
557,3.11,Rainy,Medium,Morning,Scooter,21,1.0,43,1,0.07232558139534884,640.7425708963997,1.3,96.34,38.44455425378398,505.9580166426157,78.96432040324397,Good
958,1.42,Clear,High,Afternoon,Scooter,24,2.0,40,0,0.0355,422.5932907673939,1.6,91.68,25.355597446043635,305.55769332135026,72.30538202972488,Good
578,18.57,Rainy,Medium,Afternoon,Bike,16,7.0,89,0,0.20865168539325843,514.4181165411475,1.3,194.98000000000002,30.865086992468846,288.5730295486786,56.096980310295145,Poor
796,17.51,Clear,Medium,Evening,Bike,15,3.0,60,1,0.29183333333333333,430.6587066942436,1.3,167.54000000000002,25.839522401654616,237.27918429258898,55.096804175620896,Average
86,6.84,Clear,Medium,Evening,Bike,25,1.0,51,1,0.13411764705882354,434.8255658851526,1.3,117.66,26.089533953109157,291.0760319320435,66.94087348325866,Average
243,18.34,Snowy,Medium,Afternoon,Scooter,22,5.0,91,0,0.20153846153846153,453.6241814797041,1.3,195.66,27.217450888782242,230.7467305909218,50.86737877117466,Poor
699,3.51,Windy,Medium,Night,Bike,22,2.0,44,0,0.07977272727272727,533.3200657450569,1.3,98.74000000000001,31.999203944703414,402.5808618003535,75.4857894270191,Good
160,14.7,Clear,Medium,Morning,Scooter,6,2.0,58,1,0.253448275862069,428.1877067504784,1.3,154.7,25.691262405028702,247.79644434544971,57.87098518684244,Average
525,16.85,Clear,High,Morning,Car,17,4.0,71,1,0.23732394366197185,688.3634188360281,1.6,178.20000000000002,41.30180513016169,468.8616137058664,68.11251162920261,Poor
36,16.26,Rainy,Low,Morning,Car,27,5.0,66,1,0.2463636363636364,365.80890466707444,1.0,162.84,21.948534280024464,181.02037038704998,49.484954597209175,Poor
541,19.1,Snowy,Medium,Morning,Bike,25,6.0,90,1,0.21222222222222223,471.96925337579614,1.3,197.9,28.318155202547768,245.7510981732484,52.06930248432391,Poor
171,13.71,Rainy,Medium,Evening,Bike,22,9.0,64,1,0.21421875,434.04034125887375,1.3,155.54000000000002,26.042420475532424,252.4579207833413,58.164621300204985,Poor
655,8.92,Clear,Medium,Morning,Bike,10,1.0,51,1,0.17490196078431372,717.0466826530599,1.3,125.98000000000002,86.04560191836718,505.02108073469265,70.430711549508,Average
891,14.58,Clear,Low,Evening,Bike,23,0.0,70,1,0.2082857142857143,529.4832164767362,1.0,159.32,31.768992988604168,338.394223488132,63.91028326447435,Poor
858,9.71,Clear,Low,Afternoon,Car,27,5.0,61,0,0.15918032786885247,654.7766809202952,1.0,132.64000000000001,39.28660085521771,482.8500800650775,73.74271169621173,Poor
848,19.94,Clear,Low,Afternoon,Bike,26,6.0,83,0,0.2402409638554217,277.1659440444542,1.0,191.16000000000003,16.629956642667253,69.37598740178692,25.030487652790352,Poor
945,4.53,Snowy,Medium,Morning,Scooter,18,4.0,49,1,0.09244897959183673,540.0575398803888,1.3,106.82000000000001,32.40345239282333,400.8340874875655,74.22062611631006,Average
734,10.7,Clear,High,Afternoon,Car,8,4.0,57,0,0.18771929824561404,633.4446193435156,1.6,142.4,38.006677160610934,453.03794218290466,71.51973958708822,Average
96,10.13,Clear,Medium,Evening,Bike,22,0.0,65,1,0.15584615384615386,512.3425983913136,1.3,142.02,30.740555903478814,339.58204248783477,66.2802670623283,Poor
564,0.78,Clear,Low,Afternoon,Bike,11,0.0,18,0,0.043333333333333335,659.8220562598027,1.0,62.519999999999996,39.58932337558816,557.7127328842146,84.52471808014509,Excellent
241,18.84,Foggy,Medium,Afternoon,Scooter,25,8.0,88,0,0.21409090909090908,422.4067324849442,1.3,195.26,25.34440394909665,201.80232853584755,47.77441101581883,Poor
743,15.08,Snowy,Low,Evening,Bike,29,7.0,84,1,0.17952380952380953,711.402116027837,1.0,172.51999999999998,85.36825392334043,453.5138621044966,63.74929900921895,Poor
575,17.32,Clear,Low,Evening,Scooter,10,3.0,77,1,0.22493506493506493,844.8347185428875,1.0,175.88,101.3801662251465,567.574552317741,67.1817267757005,Poor
691,6.81,Clear,Medium,Evening,Bike,23,2.0,47,1,0.1448936170212766,445.57421593405115,1.3,114.34,26.734452956043068,304.49976297800805,68.33873058379048,Average
461,2.79,Clear,High,Morning,Bike,23,7.0,38,1,0.07342105263157894,433.1746217898842,1.6,95.56,25.990477307393054,311.62414448249115,71.939612527358,Good
554,11.44,Foggy,High,Afternoon,Car,14,4.0,74,0,0.1545945945945946,718.0076715676552,1.6,158.95999999999998,86.16092058811861,472.8867509795366,65.86096078152812,Poor
889,2.44,Snowy,High,Evening,Bike,13,9.0,39,1,0.06256410256410257,736.9358218596069,1.6,94.96000000000001,88.43229862315283,553.543523236454,75.11421033104688,Good
207,2.48,Rainy,Low,Evening,Scooter,20,8.0,30,1,0.08266666666666667,421.5709959270098,1.0,78.92,25.294259755620587,317.3567361713892,75.27954703656508,Excellent
393,7.75,Clear,Medium,Evening,Scooter,21,1.0,55,1,0.1409090909090909,436.9719774356214,1.3,124.5,26.218318646137284,286.2536587894841,65.50847046745865,Average
795,0.85,Clear,Medium,Morning,Bike,9,8.0,17,1,0.049999999999999996,457.73230867092394,1.3,66.5,27.463938520255436,363.7683701506685,79.47185795272131,Excellent
398,8.87,Clear,Low,Evening,Bike,19,3.0,55,1,0.16127272727272726,298.33242334485846,1.0,124.47999999999999,17.899945400691507,155.95247794416696,52.2747330630882,Average
767,15.37,Snowy,Medium,Afternoon,Car,15,5.0,66,0,0.23287878787878788,362.20220802737026,1.3,163.78,21.732132481642214,176.69007554572804,48.78216411435466,Poor
849,10.29,Foggy,Medium,Evening,Scooter,25,4.0,67,1,0.1535820895522388,349.37888498718985,1.3,144.26,20.96273309923139,184.15615188795846,52.70958257672345,Poor
218,15.06,Rainy,Low,Morning,Bike,22,4.0,65,1,0.2316923076923077,384.83036523438074,1.0,157.24,23.089821914062842,204.5005433203179,53.14043843597606,Poor
5,3.54,Foggy,Low,Morning,Bike,23,7.0,37,1,0.09567567567567567,494.7972668919828,1.0,88.75999999999999,29.687836013518968,376.34943087846386,76.06133987814107,Good
769,7.17,Clear,Medium,Morning,Scooter,7,9.0,29,1,0.24724137931034482,535.1322098804781,1.3,101.38,32.10793259282868,401.6442772876494,75.05514896540366,Excellent
643,4.62,Rainy,Medium,Afternoon,Car,8,3.0,33,0,0.14,732.5750739221115,1.3,94.38000000000001,87.90900887065338,550.2860650514582,75.11667877331647,Good
930,5.53,Clear,Low,Morning,Car,10,8.0,27,1,0.2048148148148148,350.24689388918137,1.0,88.72,21.01481363335088,240.51208025583045,68.66929713070598,Excellent
613,12.74,Rainy,Low,Afternoon,Bike,17,9.0,63,0,0.20222222222222222,647.6483597714875,1.0,146.36,38.85890158628925,462.4294581851983,71.40131696594726,Poor
739,9.06,Clear,High,Evening,Bike,26,3.0,61,1,0.14852459016393443,467.90167336617367,1.6,139.04000000000002,28.07410040197042,300.7875729642032,64.28435504414425,Poor
547,2.71,Foggy,Low,Morning,Bike,6,0.0,28,1,0.09678571428571428,492.5804435521351,1.0,78.24000000000001,29.554826613128103,384.78561693900696,78.11629998223447,Excellent
726,16.92,Clear,Low,Night,Bike,23,5.0,78,0,0.21692307692307694,601.2229238249905,1.0,175.08,36.07337542949943,390.06954839549104,64.87935388655208,Poor
684,13.54,Foggy,Low,Morning,Bike,11,1.0,54,1,0.2507407407407407,331.59169676565523,1.0,142.36,19.895501805939315,169.3361949597159,51.06768251781357,Average
99,1.0,Snowy,Medium,Morning,Bike,25,4.0,44,1,0.022727272727272728,557.3614619276076,1.3,88.7,33.44168771565646,435.2197742119512,78.08573142225598,Good
805,8.77,Clear,Medium,Morning,Car,12,2.0,42,1,0.2088095238095238,524.9678312319584,1.3,118.18,31.4980698739175,375.2897613580409,71.48814442159946,Good
728,16.01,Windy,Low,Morning,Car,28,0.0,84,1,0.19059523809523812,573.8676896012223,1.0,176.24,34.432061376073335,363.195628225149,63.289088200371026,Poor
574,12.63,Foggy,Medium,Night,Scooter,8,8.0,49,0,0.25775510204081636,543.3752965861727,1.3,139.22000000000003,32.60251779517036,371.5527787910023,68.37866592856389,Average
407,8.09,Foggy,Low,Evening,Car,22,2.0,56,1,0.1444642857142857,868.2950209866342,1.0,122.16,104.1954025183961,641.9396184682381,73.9310491195503,Average
503,6.54,Clear,Medium,Night,Bike,10,7.0,39,0,0.1676923076923077,404.3390023623026,1.3,106.86,24.260340141738155,273.21866222056445,67.57168134271413,Good
48,10.64,Clear,Medium,Afternoon,Scooter,14,5.0,45,0,0.23644444444444446,420.35045674972736,1.3,128.06,25.22102740498364,267.0694293447437,63.53494448651313,Good
33,1.77,Clear,Medium,Evening,Bike,14,9.0,22,1,0.08045454545454546,406.52892103628534,1.3,74.18,24.391735262177118,307.9571857741082,75.75283573653078,Excellent
780,13.0,Foggy,Low,Evening,Bike,25,7.0,77,1,0.16883116883116883,416.6784321259618,1.0,158.6,25.000705927557707,233.07772619840415,55.93707478671342,Poor
840,12.83,Clear,Low,Evening,Bike,5,8.0,50,1,0.2566,404.39193090402233,1.0,136.32,24.26351585424134,243.808415049781,60.290128565311576,Average
201,13.02,Snowy,High,Afternoon,Car,6,9.0,65,0,0.2003076923076923,678.3524796661328,1.6,158.07999999999998,40.701148779967966,479.5713308861648,70.69648085051551,Poor
135,18.89,Rainy,Medium,Morning,Scooter,22,1.0,74,1,0.25527027027027027,713.0756371984783,1.3,184.26,85.56907646381738,443.2465607346609,62.15982395304962,Poor
28,10.53,Foggy,High,Evening,Bike,25,8.0,72,1,0.14625,414.38805593757854,1.6,153.72,24.863283356254712,235.8047725813238,56.904336213986895,Poor
881,5.01,Rainy,Low,Afternoon,Bike,10,5.0,31,0,0.16161290322580643,375.1466640343657,1.0,89.84,22.50879984206194,262.79786419230373,70.05203281461937,Good
231,16.0,Foggy,Medium,Afternoon,Scooter,13,3.0,65,0,0.24615384615384617,570.7123334579607,1.3,165.5,34.242740007477636,370.969593450483,65.00115236738773,Poor
490,17.86,Clear,Low,Afternoon,Scooter,16,8.0,83,0,0.21518072289156626,417.1665433578543,1.0,182.84,25.029992601471257,209.29655075638306,50.17098185096882,Poor
773,2.99,Foggy,High,Afternoon,Bike,9,5.0,90,0,0.03322222222222222,594.9397726633266,1.6,137.96,35.6963863597996,421.283386303527,70.81109814151375,Poor
379,16.38,Clear,Medium,Morning,Bike,6,2.0,51,1,0.3211764705882353,530.438453127695,1.3,155.82,31.826307187661698,342.79214594003327,64.624301635521,Average
289,6.09,Clear,Medium,Night,Bike,7,4.0,27,0,0.22555555555555554,272.6383827504152,1.3,95.46000000000001,16.35830296502491,160.82007978539028,58.98658808162453,Excellent
419,13.61,Clear,Low,Morning,Bike,26,0.0,66,1,0.2062121212121212,732.1257801995092,1.0,152.24,87.8550936239411,492.0306865755681,67.20575888496734,Poor
675,8.5,Snowy,High,Evening,Bike,14,7.0,56,1,0.15178571428571427,769.3816509643282,1.6,132.8,92.32579811571938,544.2558528486088,70.7393856048489,Average
392,8.55,Clear,Low,Evening,Scooter,28,8.0,46,1,0.1858695652173913,408.0816964273421,1.0,116.0,24.484901785640524,267.59679464170154,65.57431930528804,Average
593,4.05,Clear,Medium,Afternoon,Scooter,21,5.0,39,0,0.10384615384615384,441.8447660096024,1.3,96.9,26.510685960576144,318.43408004902625,72.06922080912595,Good
499,19.5,Clear,High,Morning,Bike,18,2.0,73,1,0.2671232876712329,542.8798086087357,1.6,190.4,32.57278851652414,319.9070200922116,58.92778014935806,Poor
139,7.59,Clear,Medium,Afternoon,Scooter,16,3.0,37,0,0.20513513513513512,550.1685184980538,1.3,109.46000000000001,33.010111109883226,407.69840738817055,74.1042778131284,Good
63,16.66,Snowy,High,Afternoon,Scooter,29,7.0,95,0,0.1753684210526316,598.7816409009246,1.6,196.64,35.926898454055475,366.2147424468691,61.15998177496955,Poor
472,19.41,Snowy,High,Evening,Car,21,3.0,100,1,0.1941,801.5306808149525,1.6,211.64,96.1836816977943,493.70699911715815,61.59552103672238,Poor
648,13.74,Foggy,Medium,Afternoon,Bike,6,1.0,56,0,0.24535714285714286,473.4579158758926,1.3,149.26000000000002,28.407474952553553,295.790440923339,62.47449477661168,Average
129,0.64,Clear,High,Night,Bike,10,3.0,24,0,0.02666666666666667,380.25541331923193,1.6,75.76,22.815324799153917,281.680088520078,74.07654924917586,Excellent
977,12.1,Clear,High,Afternoon,Bike,11,0.0,53,0,0.22830188679245284,293.10211579782094,1.6,144.8,17.586126947869257,130.71598884995169,44.59742246968914,Average
521,12.09,Clear,Medium,Morning,Car,13,1.0,60,1,0.20149999999999998,390.3604940087121,1.3,145.86,23.421629640522728,221.0788643681894,56.63453852562634,Average
839,11.82,Windy,Medium,Night,Bike,24,7.0,77,0,0.1535064935064935,495.03095406893044,1.3,158.38,29.701857244135827,306.9490968247946,62.00604109739237,Poor
963,5.28,Foggy,Low,Morning,Bike,27,6.0,53,1,0.09962264150943397,769.1836795276681,1.0,108.52000000000001,92.30204154332017,568.3616379843479,73.89153632762479,Average
65,5.98,Clear,Low,Evening,Car,22,9.0,35,1,0.17085714285714287,422.3583051445743,1.0,96.92,25.341498308674456,300.0968068358998,71.05265912391043,Good
813,2.93,Clear,Medium,Morning,Bike,24,8.0,94,1,0.03117021276595745,533.5681927458347,1.3,136.42000000000002,32.01409156475008,365.13410118108465,68.43250893611949,Poor
15,4.05,Snowy,Medium,Evening,Scooter,19,2.0,50,1,0.081,497.53656558908716,1.3,105.7,29.852193935345227,361.98437165374196,72.75533029922126,Average
157,13.61,Clear,Low,Morning,Scooter,12,2.0,43,1,0.31651162790697673,678.2589910172126,1.0,133.84,40.69553946103275,503.7234515561798,74.26712483394068,Good
41,2.88,Rainy,Medium,Morning,Car,16,4.0,41,1,0.07024390243902438,879.0398638810432,1.3,93.82,105.48478366572517,679.735080215318,77.326991430653,Good
493,5.91,Clear,Medium,Evening,Scooter,29,4.0,57,1,0.1036842105263158,420.3696840619519,1.3,118.74000000000001,25.22218104371711,276.40750301823476,65.75343406007825,Average
380,6.0,Rainy,Medium,Evening,Scooter,21,2.0,47,1,0.1276595744680851,426.5840836222667,1.3,111.1,25.595045017336002,289.88903860493065,67.95589655933406,Average
188,11.33,Clear,Medium,Afternoon,Scooter,29,7.0,77,0,0.14714285714285713,656.6241315603609,1.3,156.42,39.39744789362165,460.8066836667393,70.17815238859816,Poor
764,15.01,Clear,Medium,Morning,Bike,15,6.0,64,1,0.23453125,602.2837234439467,1.3,160.74,36.1370234066368,405.40670003730986,67.31158161126038,Poor
217,6.85,Clear,High,Morning,Bike,16,5.0,48,1,0.14270833333333333,777.006098860405,1.6,119.80000000000001,93.2407318632486,563.9653669971565,72.58184560253717,Average
792,11.93,Snowy,High,Morning,Car,7,1.0,75,1,0.15906666666666666,587.5892277988946,1.6,161.72,35.255353667933676,390.61387413096094,66.47737154647949,Poor
53,18.82,Windy,Low,Morning,Car,5,3.0,77,1,0.24441558441558442,446.1061863819411,1.0,181.88,26.766371182916465,237.45981519902463,53.229437844136854,Poor
879,1.03,Clear,Medium,Afternoon,Bike,19,4.0,29,0,0.035517241379310345,588.5982246038463,1.3,76.82,35.31589347623078,476.4623311276156,80.94865244425374,Excellent
338,14.22,Rainy,Medium,Evening,Car,25,8.0,84,1,0.1692857142857143,666.3055370874362,1.3,173.57999999999998,39.97833222524617,452.74720486219,67.94888825946799,Poor
749,18.18,Snowy,High,Morning,Bike,17,3.0,85,1,0.21388235294117647,623.0723271796046,1.6,194.72,37.384339630776275,390.9679875488283,62.74841145948202,Poor
720,14.75,Clear,Low,Morning,Car,10,7.0,62,1,0.23790322580645162,576.0911046660947,1.0,153.6,34.565466279965676,387.925638386129,67.33755047493271,Poor
725,11.7,Rainy,Low,Afternoon,Bike,17,5.0,60,0,0.19499999999999998,660.0012034383731,1.0,139.8,39.600072206302386,480.6011312320707,72.81822044085808,Average
296,10.68,Clear,Low,Morning,Bike,14,1.0,42,1,0.2542857142857143,675.3943385668509,1.0,121.32,40.52366031401105,513.5506782528398,76.03716065233323,Good
702,1.51,Clear,High,Evening,Bike,26,1.0,44,1,0.03431818181818182,707.323848655629,1.6,95.24000000000001,84.87886183867548,527.2049868169536,74.53516346422967,Good
252,8.01,Clear,High,Morning,Bike,8,6.0,48,1,0.166875,597.3064831384464,1.6,124.44,35.83838898830678,437.0280941501396,73.1664742451562,Average
727,3.23,Rainy,Low,Morning,Car,25,7.0,42,1,0.0769047619047619,474.9322879524718,1.0,91.52000000000001,28.495937277148307,354.91635067532354,74.72988459164127,Good
462,13.16,Rainy,High,Morning,Scooter,25,8.0,68,1,0.1935294117647059,522.0070529649985,1.6,161.04000000000002,31.320423177899908,329.64662978709856,63.14984211701867,Poor
456,10.11,Windy,Low,Morning,Bike,11,4.0,44,1,0.22977272727272727,680.9763449762536,1.0,120.64,40.85858069857522,519.4777642776784,76.28425981460386,Good
997,18.39,Windy,Low,Afternoon,Bike,24,6.0,74,0,0.24851351351351353,377.4596493519146,1.0,177.76,22.647578961114874,177.05207039079974,46.90622446526195,Poor
816,10.62,Windy,Medium,Afternoon,Car,22,5.0,54,0,0.19666666666666666,555.3009963309352,1.3,135.18,33.31805977985611,386.80293655107903,69.65644562261173,Average
863,10.73,Clear,Medium,Afternoon,Bike,7,5.0,57,0,0.18824561403508772,440.9991781508959,1.3,138.02,26.459950689053752,276.51922746184215,62.70288952040316,Average
270,6.23,Clear,Medium,Evening,Car,20,1.0,51,1,0.12215686274509804,504.31172344022264,1.3,115.22,30.258703406413357,358.83302003380925,71.15301972081612,Average
202,2.14,Clear,Low,Afternoon,Bike,25,1.0,36,0,0.059444444444444446,691.7677793910948,1.0,82.36,41.50606676346569,567.9017126276291,82.09427058419885,Good
162,12.83,Clear,Medium,Morning,Bike,19,2.0,76,1,0.16881578947368422,528.6648602029856,1.3,161.62,31.719891612179133,335.3249685908064,63.42864711341991,Poor
556,8.37,Clear,High,Evening,Scooter,13,7.0,42,1,0.19928571428571426,506.9654822234223,1.6,121.08,30.41792893340534,355.467553290017,70.1167171640614,Good
730,3.69,Rainy,Medium,Afternoon,Bike,8,8.0,27,0,0.13666666666666666,296.0215788530121,1.3,85.86,17.761294731180726,192.40028412183136,64.99535772605506,Excellent
402,18.1,Clear,Low,Morning,Scooter,8,5.0,77,1,0.2350649350649351,611.9380349040831,1.0,179.0,36.71628209424499,396.2217528098381,64.74867228541254,Poor
703,7.06,Clear,Low,Afternoon,Scooter,26,5.0,51,0,0.1384313725490196,596.8226271711613,1.0,114.03999999999999,35.80935763026968,446.9732695408917,74.89214536980101,Average
477,1.94,Foggy,Low,Night,Bike,10,1.0,25,0,0.0776,824.488208495819,1.0,72.75999999999999,98.93858501949828,652.7896234763207,79.17513152398601,Excellent
822,0.59,Clear,Low,Afternoon,Bike,21,0.0,27,0,0.02185185185185185,453.83326475704985,1.0,68.96000000000001,27.22999588542299,357.64326887162684,78.80499219533493,Excellent
772,17.01,Snowy,Low,Night,Bike,28,6.0,97,0,0.17536082474226805,532.8725491495909,1.0,190.64000000000001,31.972352948975452,310.26019620061544,58.22409067529533,Poor
106,5.36,Clear,Low,Afternoon,Scooter,11,4.0,30,0,0.17866666666666667,537.4075525566133,1.0,90.44,32.2444531533968,414.72309940321645,77.17105899056516,Excellent
566,12.0,Clear,Low,Evening,Car,25,0.0,75,1,0.16,736.6179919645211,1.0,153.0,88.39415903574253,495.2238329287786,67.22939682861166,Poor
390,16.23,Clear,Medium,Evening,Bike,6,0.0,54,1,0.3005555555555556,485.70567014195717,1.3,157.62,29.142340208517428,298.9433299334397,61.54824790208184,Average
2,19.04,Rainy,Low,Evening,Car,12,6.0,60,1,0.3173333333333333,541.8532288655509,1.0,169.16,32.511193731933055,340.1820351336179,62.781213991441696,Average
938,18.33,Foggy,Medium,Morning,Scooter,19,0.0,98,1,0.1870408163265306,591.1844764574809,1.3,201.22,35.47106858744885,354.493407870032,59.9632470044277,Poor
983,2.58,Clear,Medium,Morning,Scooter,25,7.0,37,1,0.06972972972972973,527.9913684734537,1.3,89.42,31.67948210840722,406.89188636504645,77.06411707855489,Good
562,4.65,Clear,Medium,Evening,Bike,21,1.0,46,1,0.10108695652173914,433.0349578174208,1.3,104.9,25.982097469045247,302.1528603483755,69.77562778563741,Average
81,17.33,Snowy,Low,Evening,Scooter,12,3.0,79,1,0.2193670886075949,529.1134989347462,1.0,177.51999999999998,31.74680993608477,319.8466889986614,60.44954242191939,Poor
206,0.68,Snowy,High,Evening,Bike,29,8.0,50,1,0.013600000000000001,661.0447624789658,1.6,96.72,39.66268574873795,524.6620767302278,79.36861563847914,Average
35,19.33,Clear,Medium,Morning,Bike,7,8.0,73,1,0.26479452054794517,346.02270508834096,1.3,185.22,20.761362305300455,140.0413427830405,40.47172070609858,Poor
776,3.42,Clear,Medium,Night,Car,11,9.0,24,0,0.1425,519.9454511220314,1.3,82.38,31.19672706732188,406.3687240547095,78.1560302485144,Excellent
509,19.02,Rainy,High,Evening,Scooter,22,1.0,106,1,0.17943396226415093,394.981877759124,1.6,214.88,23.69891266554744,156.4029650935766,39.597504062947785,Poor
428,17.81,Windy,High,Evening,Bike,21,4.0,122,1,0.14598360655737705,679.2569943387264,1.6,222.84,40.75541966032358,415.66157467840276,61.19356563756251,
455,2.67,Clear,Medium,Night,Car,17,6.0,28,0,0.09535714285714285,271.5219642824338,1.3,82.58,16.29131785694603,172.65064642548782,63.58625420295601,Excellent
367,19.24,Snowy,Low,Morning,Bike,26,1.0,114,1,0.16877192982456138,416.16172290926175,1.0,213.16,24.969703374555703,178.03201953470605,42.77952770142761,Poor
92,14.41,Rainy,Medium,Night,Bike,16,6.0,85,0,0.16952941176470587,556.5817812596781,1.3,175.14,33.39490687558069,348.04687438409746,62.53292617598512,Poor
340,2.41,Clear,Medium,Evening,Bike,15,9.0,25,1,0.0964,734.828604385151,1.3,79.14,88.17943252621812,567.509171858933,77.23014162381196,Excellent
898,17.98,Clear,Low,Evening,Bike,5,8.0,45,1,0.39955555555555555,490.1374608390518,1.0,152.92000000000002,29.408247650343107,307.80921318870867,62.800589177937795,Good
565,7.34,Foggy,Medium,Afternoon,Bike,22,5.0,93,0,0.0789247311827957,416.72007099602024,1.3,153.26,25.003204259761212,238.45686673625903,57.22231381039872,Poor
346,12.51,Clear,Medium,Evening,Bike,18,5.0,62,1,0.2017741935483871,782.1735604160885,1.3,149.14,93.86082724993062,539.172733166158,68.93262064232103,Poor
777,4.97,Rainy,Low,Evening,Bike,17,9.0,34,1,0.1461764705882353,282.7979149375634,1.0,92.08,16.967874896253804,173.7500400413096,61.439646780871925,Good
242,19.1,Snowy,Low,Afternoon,Bike,18,1.0,101,0,0.1891089108910891,170.1791065069877,1.0,202.20000000000002,10.210746390419262,-42.23163988343158,-24.81599577660112,Poor
14,4.64,Clear,Low,Afternoon,Bike,15,9.0,24,0,0.19333333333333333,566.0021675079998,1.0,82.76,33.96013005047999,449.2820374575199,79.37814786745844,Excellent
316,14.07,Rainy,Low,Evening,Bike,10,5.0,63,1,0.22333333333333333,424.6918663471083,1.0,151.68,25.481511980826497,247.5303543662818,58.284693911225226,Poor
601,3.79,Clear,Medium,Morning,Bike,13,2.0,34,1,0.11147058823529411,346.815077430393,1.3,91.86,20.808904645823578,234.1461727845694,67.51326226050924,Good
388,3.96,Clear,Medium,Afternoon,Bike,23,5.0,44,0,0.09,606.253467094903,1.3,100.54,36.37520802569418,469.33825906920885,77.41617731577254,Good
274,18.31,Clear,Medium,Afternoon,Bike,25,3.0,79,0,0.23177215189873415,536.5701070656798,1.3,185.94,32.19420642394079,318.43590064173907,59.34656002048961,Poor
167,6.76,Foggy,Medium,Night,Bike,7,6.0,42,0,0.16095238095238096,415.38820538949074,1.3,110.14,24.923292323369445,280.3249130661213,67.48504397308858,Good
841,0.76,Clear,Low,Afternoon,Car,26,9.0,28,0,0.027142857142857142,307.95434019936584,1.0,70.44,18.47726041196195,219.0370797874039,71.12647921948493,Excellent
993,5.81,Rainy,Medium,Evening,Bike,14,8.0,41,1,0.14170731707317072,630.8685992420217,1.3,105.53999999999999,37.8521159545213,487.4764832875004,77.27068423966503,Good
647,12.08,Clear,High,Afternoon,Scooter,16,4.0,60,0,0.20133333333333334,597.5301766937991,1.6,150.32,35.851810601627946,411.3583660921712,68.84311155099525,Average
819,1.57,Rainy,Low,Evening,Car,16,1.0,30,1,0.052333333333333336,485.1236204330926,1.0,75.28,29.107417225985554,380.73620320710705,78.48230578160799,Excellent
485,11.89,Clear,Medium,Afternoon,Bike,28,0.0,79,0,0.15050632911392406,776.9955494071498,1.3,160.26,93.23946592885798,523.4960834782919,67.37439923275251,Poor
981,7.02,Clear,Medium,Evening,Car,23,2.0,53,1,0.13245283018867923,339.48728505107715,1.3,119.98,20.369237103064627,199.1380479480125,58.65847020398759,Average
505,13.85,Clear,Low,Evening,Bike,29,5.0,71,1,0.19507042253521126,271.1712243612892,1.0,157.20000000000002,16.270273461677352,97.70095089961184,36.0292472513389,Poor
832,9.32,Rainy,Medium,Evening,Scooter,24,2.0,71,1,0.13126760563380283,396.2137895178133,1.3,143.58,23.7728273710688,228.8609621467445,57.761988149192156,Poor
244,7.72,Foggy,High,Evening,Bike,19,4.0,64,1,0.120625,493.16209754667534,1.6,136.07999999999998,29.58972585280052,327.4923716938748,66.40663857239744,Poor
567,8.15,Rainy,Low,Afternoon,Bike,26,2.0,50,0,0.163,536.5009173984038,1.0,117.6,32.19005504390422,386.7108623544995,72.08018659683472,Average
876,3.54,Rainy,Medium,Afternoon,Scooter,17,4.0,41,0,0.08634146341463415,463.8145913215505,1.3,96.46000000000001,27.82887547929303,339.5257158422575,73.20289663049286,Good
563,3.16,Snowy,Low,Morning,Car,9,5.0,27,1,0.11703703703703704,552.8083094771446,1.0,79.24000000000001,33.16849856862867,440.3998109085159,79.6659173457529,Excellent
687,11.65,Windy,Low,Night,Bike,10,3.0,53,0,0.219811320754717,312.2690863714334,1.0,134.0,18.736145182286002,159.53294118914738,51.08829152540204,Average
190,5.22,Snowy,Medium,Morning,Scooter,14,3.0,43,1,0.1213953488372093,716.5646906109889,1.3,104.78,85.98776287331867,525.7969277376703,73.37745420993912,Good
783,5.41,Clear,High,Morning,Scooter,17,6.0,38,1,0.1423684210526316,487.67732324111466,1.6,106.04,29.260639394466878,352.3766838466478,72.25611424881195,Good
700,9.88,Rainy,Medium,Morning,Car,7,0.0,43,1,0.22976744186046513,667.5943747382191,1.3,123.42000000000002,40.055662484293144,504.11871225392593,75.51272618970222,Good
476,19.86,Rainy,High,Evening,Bike,12,8.0,71,1,0.2797183098591549,551.4088019566557,1.6,190.24,33.08452811739934,328.08427383925635,59.49928123654542,Poor
682,5.53,Windy,High,Morning,Bike,23,4.0,59,1,0.09372881355932204,568.5129828730676,1.6,123.32000000000001,34.110778972384054,411.08220390068357,72.30832299083418,Average
511,12.46,Foggy,Low,Afternoon,Bike,10,1.0,62,0,0.2009677419354839,585.4650920348306,1.0,144.44,35.12790552208983,405.89718651274075,69.32901586019634,Poor
59,1.38,Clear,Medium,Morning,Car,6,3.0,17,1,0.0811764705882353,567.1562840025972,1.3,68.62,34.02937704015583,464.50690696244135,81.90104210505656,Excellent
475,10.79,Clear,Medium,Evening,Scooter,24,1.0,65,1,0.16599999999999998,596.4084139801316,1.3,144.66,35.7845048388079,415.96390914132377,69.74480899177605,Poor
561,14.23,Clear,Medium,Afternoon,Scooter,23,7.0,70,0,0.2032857142857143,699.3728795198647,1.3,162.42000000000002,41.96237277119188,494.9905067486727,70.77633709338214,Poor
857,1.21,Snowy,Low,Afternoon,Bike,22,1.0,39,0,0.031025641025641024,529.4781754552205,1.0,81.04,31.76869052731323,416.6694849279072,78.69436442204145,Good
748,11.1,Clear,Low,Afternoon,Bike,18,7.0,56,0,0.1982142857142857,606.3505636382769,1.0,134.20000000000002,36.38103381829661,435.7695298199802,71.8675888095557,Average
253,17.1,Clear,Medium,Evening,Bike,25,5.0,65,1,0.2630769230769231,486.53964585691597,1.3,169.9,29.192378751414957,287.44726710550106,59.07992689870848,Poor
22,3.22,Clear,Medium,Afternoon,Bike,19,9.0,32,0,0.100625,716.0175823174209,1.3,87.98,85.9221098780905,542.1154724393303,75.71259223617818,Good
314,19.27,Foggy,Medium,Morning,Car,29,9.0,85,1,0.22670588235294117,398.54115469110957,1.3,194.57999999999998,23.912469281466574,180.048685409643,45.17693675805959,Poor
460,2.82,Rainy,Medium,Evening,Scooter,10,1.0,29,1,0.09724137931034482,770.1410649366223,1.3,83.98,92.41692779239467,593.7441371442277,77.0955042103993,Excellent
161,7.67,Foggy,Medium,Afternoon,Scooter,22,8.0,59,0,0.13,493.97630740334847,1.3,127.38,29.638578444200906,336.9577289591476,68.21333815186608,Average
277,16.07,Clear,Medium,Evening,Bike,16,5.0,64,1,0.25109375,285.3837346822928,1.3,164.98000000000002,17.12302408093757,103.28071060135522,36.190118093567534,Poor
956,7.97,Windy,Medium,Evening,Scooter,9,8.0,35,1,0.2277142857142857,519.2156622366184,1.3,109.38,31.152939734197105,378.6827225024213,72.93360929660227,Good
192,18.0,Rainy,High,Night,Car,22,5.0,98,0,0.1836734693877551,397.84225137876786,1.6,204.4,23.87053508272607,169.57171629604179,42.622852577465466,Poor
386,16.17,Clear,Medium,Evening,Scooter,12,2.0,78,1,0.20730769230769233,626.0965323483086,1.3,176.58,37.565791940898514,411.9507404074101,65.79668136194604,Poor
806,14.86,Clear,High,Night,Scooter,15,4.0,91,0,0.1632967032967033,402.10640310464134,1.6,186.24,24.12638418627848,191.74001891836286,47.683900937152146,Poor
414,11.68,Clear,Medium,Afternoon,Scooter,25,7.0,70,0,0.16685714285714284,433.07248501778304,1.3,152.22,25.984349101066982,254.86813591671603,58.851149572859725,Poor
492,12.59,Clear,Low,Evening,Scooter,10,2.0,39,1,0.32282051282051283,216.56889035817034,1.0,126.56,12.99413342149022,77.01475693668012,35.56132037676788,Good
344,8.96,Snowy,Medium,Morning,Car,6,5.0,51,1,0.17568627450980392,432.1540521126385,1.3,126.14000000000001,25.92924312675831,280.0848089858802,64.81133466564782,Average
770,16.51,Clear,Medium,Morning,Bike,7,1.0,79,1,0.20898734177215192,136.41810100565652,1.3,178.74,8.18508606033939,-50.50698505468287,-37.0236681806534,Poor
309,16.01,Clear,Low,Afternoon,Car,12,4.0,72,0,0.22236111111111112,262.4145764771415,1.0,166.64000000000001,15.74487458862849,80.029701888513,30.4974300448147,Poor
662,19.74,Rainy,High,Afternoon,Scooter,11,7.0,81,0,0.24370370370370367,614.0621984216446,1.6,197.76,36.843731905298675,379.4584665163459,61.79479334368527,Poor
131,8.64,Snowy,Low,Evening,Bike,29,4.0,62,1,0.13935483870967744,617.8700237976249,1.0,129.16,37.07220142785749,451.6378223697674,73.09592713267725,Poor
664,5.13,Clear,Medium,Morning,Car,16,1.0,38,1,0.135,563.8186342677448,1.3,100.42,33.82911805606469,429.56951621168,76.18930806882256,Good
872,5.78,Clear,High,Morning,Bike,11,5.0,38,1,0.15210526315789474,354.9535785306181,1.6,107.52000000000001,21.297214711837082,226.13636381878098,63.70871502547046,Good
100,2.6,Clear,Low,Afternoon,Bike,16,1.0,29,0,0.0896551724137931,492.843296578703,1.0,78.6,29.57059779472218,384.6726987839809,78.05172586385211,Excellent
373,2.34,Foggy,Medium,Morning,Bike,8,2.0,28,1,0.08357142857142856,499.45961913641474,1.3,81.26,29.967577148184883,388.23204198822987,77.7304164567895,Excellent
88,12.93,Clear,Medium,Morning,Scooter,20,8.0,58,1,0.2229310344827586,326.2452966211186,1.3,147.62,19.574717797267116,159.05057882385148,48.75183810191849,Average
459,1.6,Clear,Medium,Evening,Bike,14,8.0,24,1,0.06666666666666667,725.5097452650725,1.3,75.1,87.0611694318087,563.3485758332638,77.64865730748228,Excellent
331,7.44,Rainy,Low,Evening,Bike,27,5.0,53,1,0.14037735849056604,631.6043435863508,1.0,117.16000000000001,37.89626061518104,476.5480829711697,75.45041255816155,Average
215,14.39,Rainy,Medium,Morning,Scooter,6,5.0,50,1,0.2878,466.8553739255504,1.3,147.06,28.01132243553302,291.78405149001736,62.49988064538125,Average
467,6.07,Clear,Low,Afternoon,Bike,18,4.0,35,0,0.17342857142857143,504.0328758491796,1.0,97.28,30.241972550950777,376.51090329822887,74.69967165611855,Good
122,17.97,Windy,Medium,Morning,Scooter,28,7.0,92,1,0.19532608695652173,531.2574211921328,1.3,194.98000000000002,31.87544527152797,304.40197592060485,57.29839504877538,Poor
615,17.53,Clear,Low,Afternoon,Bike,14,6.0,79,0,0.2218987341772152,193.73976973635638,1.0,178.32,11.624386184181382,3.7953835521750037,1.9590110782829004,Poor
21,12.43,Rainy,High,Morning,Bike,13,6.0,70,1,0.17757142857142857,462.92339262191047,1.6,159.72,27.775403557314625,275.4279890645958,59.49753100715516,Poor
701,10.89,Windy,Medium,Evening,Bike,7,0.0,58,1,0.18775862068965518,397.7023628003302,1.3,139.46,23.86214176801981,234.38022103231037,58.93357519477019,Average
72,4.37,Clear,Medium,Evening,Scooter,6,7.0,25,1,0.1748,349.7569985157627,1.3,86.98,20.98541991094576,241.79157860481692,69.13130534367849,Excellent
107,8.5,Clear,High,Evening,Car,13,3.0,54,1,0.1574074074074074,457.83495606710676,1.6,131.2,27.470097364026405,299.16485870308037,65.34338515192592,Average
271,16.28,Rainy,Low,Morning,Scooter,8,9.0,71,1,0.22929577464788733,769.6529790274284,1.0,166.92000000000002,92.3583574832914,510.374621544137,66.31230378515156,Poor
861,15.62,Snowy,High,Evening,Scooter,26,2.0,81,1,0.1928395061728395,596.1264291900515,1.6,181.27999999999997,35.76758575140308,379.0788434386484,63.59034340310955,Poor
436,14.17,Clear,Low,Afternoon,Bike,8,0.0,55,0,0.2576363636363636,414.3231515325805,1.0,145.68,24.859389091954828,243.78376244062565,58.83903941618276,Average
103,6.63,Foggy,Low,Night,Scooter,24,3.0,58,0,0.1143103448275862,585.8874172034238,1.0,117.92,35.153245032205426,432.81417217121833,73.87326634136309,Average
